Date,Open,High,Low,Close,Volume,Dividends,Stock Splits,Capital Gains
2020-10-01 00:00:00-04:00,96.2857666015625,96.2857666015625,96.2857666015625,96.2857666015625,0,0.0,0.0,0.0
2020-10-02 00:00:00-04:00,96.2857666015625,96.2857666015625,96.2857666015625,96.2857666015625,0,0.0,0.0,0.0
2020-10-05 00:00:00-04:00,96.31465628318114,96.32428691723983,96.28096008300781,96.28096008300781,10725,0.0,0.0,0.0
2020-10-06 00:00:00-04:00,96.29539756812017,96.31465148925781,96.29539756812017,96.31465148925781,10080,0.0,0.0,0.0
2020-10-07 00:00:00-04:00,96.23762479019577,96.24725542414312,96.208740234375,96.208740234375,6350,0.0,0.0,0.0
2020-10-08 00:00:00-04:00,96.27614109296776,96.28096008300781,96.25852533364454,96.28096008300781,650,0.0,0.0,0.0
2020-10-09 00:00:00-04:00,96.25689664395829,96.26652727896477,96.22801208496094,96.22801208496094,1820,0.0,0.0,0.0
2020-10-12 00:00:00-04:00,96.2472660089518,96.25689664395829,96.22801208496094,96.22801208496094,5685,0.0,0.0,0.0
2020-10-13 00:00:00-04:00,96.26555514556847,96.27614810920288,96.25034888015709,96.2520751953125,3635,0.0,0.0,0.0
2020-10-14 00:00:00-04:00,96.28576877321395,96.28576877321395,96.2616958618164,96.2616958618164,3985,0.0,0.0,0.0
2020-10-15 00:00:00-04:00,96.28576844060427,96.28576844060427,96.2328109741211,96.2328109741211,3312,0.0,0.0,0.0
2020-10-16 00:00:00-04:00,96.23762757825237,96.24725821247873,96.21356201171875,96.21356201171875,2135,0.0,0.0,0.0
2020-10-19 00:00:00-04:00,96.19911661450796,96.2087399024008,96.17985534667969,96.17985534667969,126687,0.0,0.0,0.0
2020-10-20 00:00:00-04:00,96.1385498046875,96.1385498046875,96.1385498046875,96.1385498046875,29,0.0,0.0,0.0
2020-10-21 00:00:00-04:00,96.13170317202639,96.13170317202639,96.11659240722656,96.11659240722656,320,0.0,0.0,0.0
2020-10-22 00:00:00-04:00,96.07393612914059,96.07393612914059,96.04505157470703,96.04505157470703,5600,0.0,0.0,0.0
2020-10-23 00:00:00-04:00,96.10284157161794,96.10284157161794,96.08358764648438,96.08358764648438,4617,0.0,0.0,0.0
2020-10-26 00:00:00-04:00,96.1798397512328,96.1798397512328,96.15095520019531,96.15095520019531,3900,0.0,0.0,0.0
2020-10-27 00:00:00-04:00,96.21837599450012,96.21837599450012,96.20393371582031,96.20393371582031,710,0.0,0.0,0.0
2020-10-28 00:00:00-04:00,96.1991141098784,96.1991141098784,96.17504119873047,96.17504119873047,704,0.0,0.0,0.0
2020-10-29 00:00:00-04:00,96.11245398924572,96.11245398924572,96.0643081665039,96.0643081665039,830,0.0,0.0,0.0
2020-10-30 00:00:00-04:00,95.99681091308594,95.99681091308594,95.99681091308594,95.99681091308594,29,0.0,0.0,0.0
2020-11-02 00:00:00-05:00,95.99923706054688,95.99923706054688,95.99923706054688,95.99923706054688,1,0.0,0.0,0.0
2020-11-03 00:00:00-05:00,95.9632339477539,95.9632339477539,95.9632339477539,95.9632339477539,1,0.0,0.0,0.0
2020-11-04 00:00:00-05:00,96.24726147409572,96.26652274320118,96.24629914524263,96.26151275634766,2561,0.0,0.0,0.0
2020-11-05 00:00:00-05:00,96.28451538085938,96.28451538085938,96.28451538085938,96.28451538085938,1,0.0,0.0,0.0
2020-11-06 00:00:00-05:00,96.17986340255797,96.22800923013995,96.17986340255797,96.1941146850586,1001,0.0,0.0,0.0
2020-11-09 00:00:00-05:00,96.00655153298538,96.04150390625,95.9978832268794,96.04150390625,4126,0.0,0.0,0.0
2020-11-10 00:00:00-05:00,95.98632381428864,95.98632381428864,95.93914031982422,95.93914031982422,100,0.0,0.0,0.0
2020-11-11 00:00:00-05:00,95.96708139620274,95.96804372517502,95.95388793945312,95.95388793945312,1004,0.0,0.0,0.0
2020-11-12 00:00:00-05:00,96.08260697219434,96.08356930096616,96.0682601928711,96.0682601928711,4256,0.0,0.0,0.0
2020-11-13 00:00:00-05:00,96.06488800048828,96.06488800048828,96.06488800048828,96.06488800048828,1,0.0,0.0,0.0
2020-11-16 00:00:00-05:00,96.09223773898856,96.0932000677617,96.0643081665039,96.0643081665039,876,0.0,0.0,0.0
2020-11-17 00:00:00-05:00,96.14134979248047,96.14134979248047,96.14134979248047,96.14134979248047,1,0.0,0.0,0.0
2020-11-18 00:00:00-05:00,96.14134979248047,96.14134979248047,96.14134979248047,96.14134979248047,1,0.0,0.0,0.0
2020-11-19 00:00:00-05:00,96.17985534667969,96.17985534667969,96.17985534667969,96.17985534667969,1,0.0,0.0,0.0
2020-11-20 00:00:00-05:00,96.19912207160094,96.22800662896057,96.19912207160094,96.20393371582031,4981,0.0,0.0,0.0
2020-11-23 00:00:00-05:00,96.18852114745077,96.189483476215,96.17504119873047,96.17504119873047,553,0.0,0.0,0.0
2020-11-24 00:00:00-05:00,96.17504119873047,96.17504119873047,96.17504119873047,96.17504119873047,1,0.0,0.0,0.0
2020-11-25 00:00:00-05:00,96.24725041366472,96.24725041366472,96.19911193847656,96.19911193847656,701,0.0,0.0,0.0
2020-11-27 00:00:00-05:00,96.2761459350586,96.2761459350586,96.2761459350586,96.2761459350586,1,0.0,0.0,0.0
2020-11-30 00:00:00-05:00,96.35316684408491,96.35316684408491,96.32909393310547,96.32909393310547,2066,0.0,0.0,0.0
2020-12-01 00:00:00-05:00,96.1702215903229,96.20777444994957,96.1702215903229,96.19005584716797,1100,0.0,0.0,0.0
2020-12-02 00:00:00-05:00,96.16541290283203,96.16541290283203,96.16541290283203,96.16541290283203,1,0.0,0.0,0.0
2020-12-03 00:00:00-05:00,96.2616958618164,96.2616958618164,96.2616958618164,96.2616958618164,1,0.0,0.0,0.0
2020-12-04 00:00:00-05:00,96.15174102783203,96.15174102783203,96.15174102783203,96.15174102783203,1,0.0,0.0,0.0
2020-12-07 00:00:00-05:00,96.26651981205201,96.26651981205201,96.24244689941406,96.24244689941406,1800,0.0,0.0,0.0
2020-12-08 00:00:00-05:00,96.29444220551888,96.29444220551888,96.25688934326172,96.25688934326172,1303,0.0,0.0,0.0
2020-12-09 00:00:00-05:00,96.15096032506331,96.15096032506331,96.13651804877478,96.14614868164062,1650,0.0,0.0,0.0
2020-12-10 00:00:00-05:00,96.19912223673573,96.2376300826002,96.19256958536009,96.21837615966797,3907,0.0,0.0,0.0
2020-12-11 00:00:00-05:00,96.30126953125,96.30126953125,96.30126953125,96.30126953125,33,0.0,0.0,0.0
2020-12-14 00:00:00-05:00,96.30406332031872,96.30502564912244,96.28096008300781,96.28096008300781,425,0.0,0.0,0.0
2020-12-15 00:00:00-05:00,96.29539973942057,96.29539973942057,96.29058074951172,96.29058074951172,1351,0.0,0.0,0.0
2020-12-16 00:00:00-05:00,96.29058074951172,96.29058074951172,96.29058074951172,96.29058074951172,39,0.0,0.0,0.0
2020-12-17 00:00:00-05:00,96.37242539549051,96.37242539549051,96.28096008300781,96.28096008300781,1218,0.0,0.0,0.0
2020-12-18 00:00:00-05:00,96.28585430272476,96.28585430272476,96.27131652832031,96.27131652832031,1000,0.0,0.0,0.0
2020-12-21 00:00:00-05:00,96.27517932933374,96.27614165814312,96.24735260009766,96.24735260009766,2345,0.0,0.0,0.0
2020-12-22 00:00:00-05:00,96.31465148925781,96.31465148925781,96.31465148925781,96.31465148925781,10,0.0,0.0,0.0
2020-12-23 00:00:00-05:00,96.27614198951385,96.28577262366223,96.27614198951385,96.27623748779297,1414,0.0,0.0,0.0
2020-12-24 00:00:00-05:00,96.31147766113281,96.31147766113281,96.31147766113281,96.31147766113281,2,0.0,0.0,0.0
2020-12-28 00:00:00-05:00,96.346435546875,96.346435546875,96.346435546875,96.346435546875,2,0.0,0.0,0.0
2020-12-29 00:00:00-05:00,96.34835815429688,96.34835815429688,96.34835815429688,96.34835815429688,2,0.0,0.0,0.0
2020-12-30 00:00:00-05:00,96.386474609375,96.386474609375,96.386474609375,96.386474609375,2,0.0,0.0,0.0
2020-12-31 00:00:00-05:00,96.43983180738886,96.43983180738886,96.43501281738281,96.43501281738281,102,0.0,0.0,0.0
2021-01-04 00:00:00-05:00,96.40411376953125,96.40411376953125,96.40411376953125,96.40411376953125,2,0.0,0.0,0.0
2021-01-05 00:00:00-05:00,96.34355425861597,96.36272003112464,96.33393096923828,96.33393096923828,751,0.0,0.0,0.0
2021-01-06 00:00:00-05:00,96.15000881950701,96.16503143310547,96.15000881950701,96.16503143310547,109,0.0,0.0,0.0
2021-01-07 00:00:00-05:00,96.12207509363111,96.12207509363111,96.07874826507152,96.10637664794922,2099,0.0,0.0,0.0
2021-01-08 00:00:00-05:00,96.02098846435547,96.02098846435547,96.02098846435547,96.02098846435547,3,0.0,0.0,0.0
2021-01-11 00:00:00-05:00,95.9632339477539,95.9632339477539,95.9632339477539,95.9632339477539,1,0.0,0.0,0.0
2021-01-12 00:00:00-05:00,95.96294403076172,95.96294403076172,95.96294403076172,95.96294403076172,1,0.0,0.0,0.0
2021-01-13 00:00:00-05:00,96.05170440673828,96.05170440673828,96.05170440673828,96.05170440673828,66,0.0,0.0,0.0
2021-01-14 00:00:00-05:00,96.11246671107527,96.11246671107527,96.02291870117188,96.02291870117188,333,0.0,0.0,0.0
2021-01-15 00:00:00-05:00,96.10061645507812,96.10061645507812,96.10061645507812,96.10061645507812,1,0.0,0.0,0.0
2021-01-19 00:00:00-05:00,96.12688446044922,96.12688446044922,96.12688446044922,96.12688446044922,2,0.0,0.0,0.0
2021-01-20 00:00:00-05:00,96.12757110595703,96.12757110595703,96.12757110595703,96.12757110595703,3,0.0,0.0,0.0
2021-01-21 00:00:00-05:00,96.08838653564453,96.08838653564453,96.08838653564453,96.08838653564453,193,0.0,0.0,0.0
2021-01-22 00:00:00-05:00,96.12680053710938,96.12680053710938,96.12680053710938,96.12680053710938,66,0.0,0.0,0.0
2021-01-25 00:00:00-05:00,96.20603942871094,96.20603942871094,96.20603942871094,96.20603942871094,66,0.0,0.0,0.0
2021-01-26 00:00:00-05:00,96.23762991739932,96.23762991739932,96.17986080268005,96.20393371582031,841,0.0,0.0,0.0
2021-01-27 00:00:00-05:00,96.1859130859375,96.1859130859375,96.1859130859375,96.1859130859375,1,0.0,0.0,0.0
2021-01-28 00:00:00-05:00,96.14604949951172,96.14604949951172,96.14604949951172,96.14604949951172,1,0.0,0.0,0.0
2021-01-29 00:00:00-05:00,96.14036902277397,96.14065551757812,96.14036902277397,96.14065551757812,1503,0.0,0.0,0.0
2021-02-01 00:00:00-05:00,96.1702210173645,96.1702210173645,96.16156005859375,96.16156005859375,702,0.0,0.0,0.0
2021-02-02 00:00:00-05:00,96.1024398803711,96.1024398803711,96.1024398803711,96.1024398803711,2,0.0,0.0,0.0
2021-02-03 00:00:00-05:00,96.08261986301011,96.09321282694238,96.05950927734375,96.05950927734375,800,0.0,0.0,0.0
2021-02-04 00:00:00-05:00,96.0787582397461,96.0787582397461,96.0787582397461,96.0787582397461,2,0.0,0.0,0.0
2021-02-05 00:00:00-05:00,96.05621337890625,96.05621337890625,96.05621337890625,96.05621337890625,1502,0.0,0.0,0.0
2021-02-08 00:00:00-05:00,96.10282602599051,96.10282602599051,96.04737091064453,96.04737091064453,3318,0.0,0.0,0.0
2021-02-09 00:00:00-05:00,96.12208507280377,96.13170836058023,96.064308616039,96.0787582397461,6819,0.0,0.0,0.0
2021-02-10 00:00:00-05:00,96.14135119501891,96.16195678710938,96.14135119501891,96.16195678710938,351,0.0,0.0,0.0
2021-02-11 00:00:00-05:00,96.1461573736776,96.15587615966797,96.1461573736776,96.15587615966797,531,0.0,0.0,0.0
2021-02-12 00:00:00-05:00,96.11149998233867,96.11149998233867,96.07837677001953,96.07837677001953,1878,0.0,0.0,0.0
2021-02-16 00:00:00-05:00,95.89003292722562,95.90062588994654,95.83235931396484,95.83235931396484,4815,0.0,0.0,0.0
2021-02-17 00:00:00-05:00,95.86210148167915,95.881362747687,95.86210148167915,95.8669204711914,1864,0.0,0.0,0.0
2021-02-18 00:00:00-05:00,95.88616943359375,95.88616943359375,95.88616943359375,95.88616943359375,9,0.0,0.0,0.0
2021-02-19 00:00:00-05:00,95.76100158691406,95.76100158691406,95.76100158691406,95.76100158691406,598,0.0,0.0,0.0
2021-02-22 00:00:00-05:00,95.66472625732422,95.66472625732422,95.66472625732422,95.66472625732422,1578,0.0,0.0,0.0
2021-02-23 00:00:00-05:00,95.72538413942905,95.72721329868776,95.70690155029297,95.70690155029297,401,0.0,0.0,0.0
2021-02-24 00:00:00-05:00,95.67377471923828,95.67377471923828,95.67377471923828,95.67377471923828,12,0.0,0.0,0.0
2021-02-25 00:00:00-05:00,95.23635965428589,95.23635965428589,95.08528137207031,95.08528137207031,304,0.0,0.0,0.0
2021-02-26 00:00:00-05:00,95.30663299560547,95.30663299560547,95.30663299560547,95.30663299560547,70,0.0,0.0,0.0
2021-03-01 00:00:00-05:00,95.37798585513977,95.426513671875,95.37798585513977,95.426513671875,407,0.0,0.0,0.0
2021-03-02 00:00:00-05:00,95.50585408323698,95.50585408323698,95.47696952866814,95.49622344970703,965,0.0,0.0,0.0
2021-03-03 00:00:00-05:00,95.31328699142189,95.33428192138672,95.31328699142189,95.33428192138672,510,0.0,0.0,0.0
2021-03-04 00:00:00-05:00,95.17366790771484,95.17366790771484,95.17366790771484,95.17366790771484,2,0.0,0.0,0.0
2021-03-05 00:00:00-05:00,95.08221201604891,95.09184265136719,95.08221201604891,95.09184265136719,100,0.0,0.0,0.0
2021-03-08 00:00:00-05:00,94.91851822698248,94.91851822698248,94.87085723876953,94.87085723876953,101,0.0,0.0,0.0
2021-03-09 00:00:00-05:00,94.9782199648661,94.9782199648661,94.96185302734375,94.96185302734375,917,0.0,0.0,0.0
2021-03-10 00:00:00-05:00,95.07178497314453,95.07178497314453,95.07178497314453,95.07178497314453,1,0.0,0.0,0.0
2021-03-11 00:00:00-05:00,95.17048645019531,95.17048645019531,95.17048645019531,95.17048645019531,1,0.0,0.0,0.0
2021-03-12 00:00:00-05:00,94.91851289331795,94.93776681487878,94.91851289331795,94.9306411743164,4201,0.0,0.0,0.0
2021-03-15 00:00:00-04:00,94.95538330078125,94.95538330078125,94.95538330078125,94.95538330078125,1,0.0,0.0,0.0
2021-03-16 00:00:00-04:00,94.96607971191406,94.96607971191406,94.96607971191406,94.96607971191406,600,0.0,0.0,0.0
2021-03-17 00:00:00-04:00,94.87999137700278,95.03549194335938,94.87999137700278,95.03549194335938,200,0.0,0.0,0.0
2021-03-18 00:00:00-04:00,94.85111730404785,94.85756711094254,94.8316650390625,94.8316650390625,2009,0.0,0.0,0.0
2021-03-19 00:00:00-04:00,94.81963348388672,94.81963348388672,94.81963348388672,94.81963348388672,1,0.0,0.0,0.0
2021-03-22 00:00:00-04:00,94.88480672611428,94.90406799316406,94.88480672611428,94.90406799316406,108,0.0,0.0,0.0
2021-03-23 00:00:00-04:00,94.97628946873334,95.022216796875,94.97628946873334,95.022216796875,101,0.0,0.0,0.0
2021-03-24 00:00:00-04:00,95.05889892578125,95.05889892578125,95.05889892578125,95.05889892578125,1,0.0,0.0,0.0
2021-03-25 00:00:00-04:00,95.0646743774414,95.0646743774414,95.0646743774414,95.0646743774414,10,0.0,0.0,0.0
2021-03-26 00:00:00-04:00,94.99456930007689,94.9955389748312,94.97146606445312,94.97146606445312,678,0.0,0.0,0.0
2021-03-29 00:00:00-04:00,94.89327239990234,94.89327239990234,94.89327239990234,94.89327239990234,1,0.017208,0.0,0.0
2021-03-30 00:00:00-04:00,94.870361328125,94.870361328125,94.870361328125,94.870361328125,1,0.0,0.0,0.0
2021-03-31 00:00:00-04:00,94.83876555516935,94.87208557128906,94.83876555516935,94.87208557128906,504,0.0,0.0,0.0
2021-04-01 00:00:00-04:00,94.95431576099935,94.99765014648438,94.94468344845767,94.99765014648438,1604,0.0,0.0,0.0
2021-04-05 00:00:00-04:00,94.85708070450724,94.88038635253906,94.85708070450724,94.88038635253906,400,0.0,0.0,0.0
2021-04-06 00:00:00-04:00,94.99285585051665,95.0611343383789,94.99285585051665,95.0611343383789,2001,0.0,0.0,0.0
2021-04-07 00:00:00-04:00,95.06989871675162,95.07953103104076,95.06989871675162,95.07144165039062,1000,0.0,0.0,0.0
2021-04-08 00:00:00-04:00,95.16138458251953,95.16138458251953,95.16138458251953,95.16138458251953,1,0.0,0.0,0.0
2021-04-09 00:00:00-04:00,95.1042709350586,95.1042709350586,95.1042709350586,95.1042709350586,1,0.0,0.0,0.0
2021-04-12 00:00:00-04:00,95.05950164794922,95.05950164794922,95.05950164794922,95.05950164794922,1,0.0,0.0,0.0
2021-04-13 00:00:00-04:00,95.07953794990236,95.16899871826172,95.07953794990236,95.16899871826172,1000,0.0,0.0,0.0
2021-04-14 00:00:00-04:00,95.15176071995455,95.15744018554688,95.12768360644091,95.15744018554688,2271,0.0,0.0,0.0
2021-04-15 00:00:00-04:00,95.35880522502528,95.38770216886401,95.34754180908203,95.34754180908203,7728,0.0,0.0,0.0
2021-04-16 00:00:00-04:00,97.15966326427339,97.15966326427339,95.11804611467136,95.5751953125,4517,0.0,0.0,0.0
2021-04-19 00:00:00-04:00,95.45511519225238,95.46474015971482,95.32510465847518,95.43700408935547,4561,0.0,0.0,0.0
2021-04-20 00:00:00-04:00,95.13730948762242,95.62845465033372,95.13730948762242,95.38201141357422,3736,0.0,0.0,0.0
2021-04-21 00:00:00-04:00,95.34918630662148,95.34918630662148,95.24325288106895,95.31114196777344,997,0.0,0.0,0.0
2021-04-22 00:00:00-04:00,95.26732102150574,95.37806692058635,95.20472199940218,95.34050750732422,1599,0.0,0.0,0.0
2021-04-23 00:00:00-04:00,95.3491792080338,95.3491792080338,95.22407667629584,95.3202896118164,1888,0.0,0.0,0.0
2021-04-26 00:00:00-04:00,95.33955091335345,95.33955091335345,95.2511481574166,95.31066131591797,2503,0.0,0.0,0.0
2021-04-27 00:00:00-04:00,95.29139768699203,95.29139768699203,95.16620698102214,95.1783447265625,1317,0.0,0.0,0.0
2021-04-28 00:00:00-04:00,95.22397629895765,95.23014068603516,95.10841791998877,95.23014068603516,1002,0.0,0.0,0.0
2021-04-29 00:00:00-04:00,95.15656365661037,95.24323978710251,95.14693869001337,95.19990539550781,2466,0.0,0.0,0.0
2021-04-30 00:00:00-04:00,95.26251385468176,95.27214617027889,95.22399193959725,95.23294830322266,1922,0.0,0.0,0.0
2021-05-03 00:00:00-04:00,95.25288145582623,95.28658353683107,95.25288145582623,95.28620147705078,2307,0.0,0.0,0.0
2021-05-04 00:00:00-04:00,95.30102664672968,95.38770278419844,95.30102664672968,95.32510375976562,2847,0.0,0.0,0.0
2021-05-05 00:00:00-04:00,95.3395596670115,95.3973388671875,95.33378468591557,95.3973388671875,2950,0.0,0.0,0.0
2021-05-06 00:00:00-04:00,95.43584316364236,95.43680566031398,95.36939415678614,95.4117660522461,4313,0.0,0.0,0.0
2021-05-07 00:00:00-04:00,95.48400018639724,95.54659186109956,95.4815902709961,95.4815902709961,1834,0.0,0.0,0.0
2021-05-10 00:00:00-04:00,95.53214913536412,95.53214913536412,95.40695843594108,95.44548034667969,2968,0.0,0.0,0.0
2021-05-11 00:00:00-04:00,95.44548034667969,95.44548034667969,95.44548034667969,95.44548034667969,0,0.0,0.0,0.0
2021-05-12 00:00:00-04:00,95.44548034667969,95.44548034667969,95.44548034667969,95.44548034667969,0,0.0,0.0,0.0
2021-05-13 00:00:00-04:00,95.44548034667969,95.44548034667969,95.44548034667969,95.44548034667969,0,0.0,0.0,0.0
2021-05-14 00:00:00-04:00,95.44548034667969,95.44548034667969,95.44548034667969,95.44548034667969,0,0.0,0.0,0.0
2021-05-17 00:00:00-04:00,95.44548034667969,95.44548034667969,95.44548034667969,95.44548034667969,0,0.0,0.0,0.0
2021-05-18 00:00:00-04:00,95.44548034667969,95.44548034667969,95.44548034667969,95.44548034667969,0,0.0,0.0,0.0
2021-05-19 00:00:00-04:00,95.44548034667969,95.44548034667969,95.44548034667969,95.44548034667969,0,0.0,0.0,0.0
2021-05-20 00:00:00-04:00,95.44548034667969,95.44548034667969,95.44548034667969,95.44548034667969,0,0.0,0.0,0.0
2021-05-21 00:00:00-04:00,95.44548034667969,95.44548034667969,95.44548034667969,95.44548034667969,0,0.0,0.0,0.0
2021-05-24 00:00:00-04:00,95.44548034667969,95.44548034667969,95.44548034667969,95.44548034667969,0,0.0,0.0,0.0
2021-05-25 00:00:00-04:00,95.44548034667969,95.44548034667969,95.44548034667969,95.44548034667969,0,0.0,0.0,0.0
2021-05-26 00:00:00-04:00,95.44548034667969,95.44548034667969,95.44548034667969,95.44548034667969,0,0.0,0.0,0.0
2021-05-27 00:00:00-04:00,95.44548034667969,95.44548034667969,95.44548034667969,95.44548034667969,0,0.0,0.0,0.0
2021-05-28 00:00:00-04:00,95.44548034667969,95.44548034667969,95.44548034667969,95.44548034667969,0,0.0,0.0,0.0
2021-06-01 00:00:00-04:00,95.44548034667969,95.44548034667969,95.44548034667969,95.44548034667969,0,0.0,0.0,0.0
2021-06-02 00:00:00-04:00,95.44548034667969,95.44548034667969,95.44548034667969,95.44548034667969,0,0.0,0.0,0.0
2021-06-03 00:00:00-04:00,95.44548034667969,95.44548034667969,95.44548034667969,95.44548034667969,0,0.0,0.0,0.0
2021-06-04 00:00:00-04:00,95.44548034667969,95.44548034667969,95.44548034667969,95.44548034667969,0,0.0,0.0,0.0
2021-06-07 00:00:00-04:00,95.44548034667969,95.44548034667969,95.44548034667969,95.44548034667969,0,0.0,0.0,0.0
2021-06-08 00:00:00-04:00,95.44548034667969,95.44548034667969,95.44548034667969,95.44548034667969,0,0.0,0.0,0.0
2021-06-09 00:00:00-04:00,95.44548034667969,95.44548034667969,95.44548034667969,95.44548034667969,0,0.0,0.0,0.0
2021-06-10 00:00:00-04:00,95.44548034667969,95.44548034667969,95.44548034667969,95.44548034667969,0,0.0,0.0,0.0
2021-06-11 00:00:00-04:00,95.44548034667969,95.44548034667969,95.44548034667969,95.44548034667969,0,0.0,0.0,0.0
2021-06-14 00:00:00-04:00,95.44548034667969,95.44548034667969,95.44548034667969,95.44548034667969,0,0.0,0.0,0.0
2021-06-15 00:00:00-04:00,95.44548034667969,95.44548034667969,95.44548034667969,95.44548034667969,0,0.0,0.0,0.0
2021-06-16 00:00:00-04:00,95.44548034667969,95.44548034667969,95.44548034667969,95.44548034667969,0,0.0,0.0,0.0
2021-06-17 00:00:00-04:00,95.44548034667969,95.44548034667969,95.44548034667969,95.44548034667969,0,0.0,0.0,0.0
2021-06-18 00:00:00-04:00,95.44548034667969,95.44548034667969,95.44548034667969,95.44548034667969,0,0.0,0.0,0.0
2021-06-21 00:00:00-04:00,95.44548034667969,95.44548034667969,95.44548034667969,95.44548034667969,0,0.0,0.0,0.0
2021-06-22 00:00:00-04:00,95.44548034667969,95.44548034667969,95.44548034667969,95.44548034667969,0,0.0,0.0,0.0
2021-06-23 00:00:00-04:00,95.44548034667969,95.44548034667969,95.44548034667969,95.44548034667969,0,0.0,0.0,0.0
2021-06-24 00:00:00-04:00,95.44548034667969,95.44548034667969,95.44548034667969,95.44548034667969,0,0.0,0.0,0.0
2021-06-25 00:00:00-04:00,95.44548034667969,95.44548034667969,95.44548034667969,95.44548034667969,0,0.0,0.0,0.0
2021-06-28 00:00:00-04:00,95.47380828857422,95.47380828857422,95.47380828857422,95.47380828857422,0,0.029406,0.0,0.0
2021-06-29 00:00:00-04:00,95.47380828857422,95.47380828857422,95.47380828857422,95.47380828857422,0,0.0,0.0,0.0
2021-06-30 00:00:00-04:00,95.47380828857422,95.47380828857422,95.47380828857422,95.47380828857422,0,0.0,0.0,0.0
2021-07-01 00:00:00-04:00,95.47380828857422,95.47380828857422,95.47380828857422,95.47380828857422,0,0.0,0.0,0.0
2021-07-02 00:00:00-04:00,95.47380828857422,95.47380828857422,95.47380828857422,95.47380828857422,0,0.0,0.0,0.0
2021-07-06 00:00:00-04:00,95.47380828857422,95.47380828857422,95.47380828857422,95.47380828857422,0,0.0,0.0,0.0
2021-07-07 00:00:00-04:00,95.47380828857422,95.47380828857422,95.47380828857422,95.47380828857422,0,0.0,0.0,0.0
2021-07-08 00:00:00-04:00,95.47380828857422,95.47380828857422,95.47380828857422,95.47380828857422,0,0.0,0.0,0.0
2021-07-09 00:00:00-04:00,95.47380828857422,95.47380828857422,95.47380828857422,95.47380828857422,0,0.0,0.0,0.0
2021-07-12 00:00:00-04:00,95.47380828857422,95.47380828857422,95.47380828857422,95.47380828857422,0,0.0,0.0,0.0
2021-07-13 00:00:00-04:00,95.47380828857422,95.47380828857422,95.47380828857422,95.47380828857422,0,0.0,0.0,0.0
2021-07-14 00:00:00-04:00,95.47380828857422,95.47380828857422,95.47380828857422,95.47380828857422,0,0.0,0.0,0.0
2021-07-15 00:00:00-04:00,95.47380828857422,95.47380828857422,95.47380828857422,95.47380828857422,0,0.0,0.0,0.0
2021-07-16 00:00:00-04:00,95.47380828857422,95.47380828857422,95.47380828857422,95.47380828857422,0,0.0,0.0,0.0
2021-07-19 00:00:00-04:00,96.00363412712922,96.00844803914157,95.93138135004014,95.9942855834961,20415,0.0,0.0,0.0
2021-07-20 00:00:00-04:00,96.0492935180664,96.0492935180664,96.0492935180664,96.0492935180664,37,0.0,0.0,0.0
2021-07-21 00:00:00-04:00,95.9024794580195,95.9024794580195,95.89602661132812,95.89602661132812,158,0.0,0.0,0.0
2021-07-22 00:00:00-04:00,95.9843699763801,95.98938232478369,95.98263549804688,95.98263549804688,203,0.0,0.0,0.0
2021-07-23 00:00:00-04:00,95.96519080943504,96.03252677786523,95.96519080943504,95.98532104492188,14144,0.0,0.0,0.0
2021-07-26 00:00:00-04:00,96.0180799027994,96.0180799027994,95.9833976890541,95.99639892578125,1736,0.0,0.0,0.0
2021-07-27 00:00:00-04:00,96.05699157714844,96.05699157714844,96.05699157714844,96.05699157714844,14,0.0,0.0,0.0
2021-07-28 00:00:00-04:00,96.03734221012789,96.09513854980469,96.03734221012789,96.09513854980469,163,0.0,0.0,0.0
2021-07-29 00:00:00-04:00,96.02385061928086,96.04571533203125,96.0228878369715,96.04571533203125,509,0.0,0.0,0.0
2021-07-30 00:00:00-04:00,96.04215900905278,96.11605072021484,96.04215900905278,96.11605072021484,213,0.0,0.0,0.0
2021-08-02 00:00:00-04:00,96.23579406738281,96.23579406738281,96.23579406738281,96.23579406738281,254,0.0,0.0,0.0
2021-08-03 00:00:00-04:00,96.23934936523438,96.23934936523438,96.23934936523438,96.23934936523438,5,0.0,0.0,0.0
2021-08-04 00:00:00-04:00,96.18339538574219,96.18339538574219,96.18339538574219,96.18339538574219,55,0.0,0.0,0.0
2021-08-05 00:00:00-04:00,96.07587432861328,96.07587432861328,96.07587432861328,96.07587432861328,73,0.0,0.0,0.0
2021-08-06 00:00:00-04:00,95.90585327148438,95.90585327148438,95.90585327148438,95.90585327148438,4,0.0,0.0,0.0
2021-08-09 00:00:00-04:00,95.82772827148438,95.82772827148438,95.82772827148438,95.82772827148438,4,0.0,0.0,0.0
2021-08-10 00:00:00-04:00,95.7482381482695,95.7482381482695,95.74284362792969,95.74284362792969,118,0.0,0.0,0.0
2021-08-11 00:00:00-04:00,95.80132157906138,95.81991577148438,95.74352524340347,95.81991577148438,530,0.0,0.0,0.0
2021-08-12 00:00:00-04:00,95.80035991828926,95.80035991828926,95.7965087890625,95.7965087890625,243,0.0,0.0,0.0
2021-08-13 00:00:00-04:00,95.92897033691406,95.92897033691406,95.92897033691406,95.92897033691406,4,0.0,0.0,0.0
2021-08-16 00:00:00-04:00,95.98436091680132,95.99360656738281,95.98436091680132,95.99360656738281,120,0.0,0.0,0.0
2021-08-17 00:00:00-04:00,95.54124220163136,95.94583129882812,95.54124220163136,95.94583129882812,326,0.0,0.0,0.0
2021-08-18 00:00:00-04:00,95.92173620880156,95.92173620880156,95.89765930175781,95.89765930175781,425,0.0,0.0,0.0
2021-08-19 00:00:00-04:00,95.95064544677734,95.95064544677734,95.95064544677734,95.95064544677734,136,0.0,0.0,0.0
2021-08-20 00:00:00-04:00,95.91654968261719,95.91654968261719,95.91654968261719,95.91654968261719,4,0.0,0.0,0.0
2021-08-23 00:00:00-04:00,95.93927764892578,95.93927764892578,95.93927764892578,95.93927764892578,138,0.0,0.0,0.0
2021-08-24 00:00:00-04:00,95.88899355212473,95.9265641129707,95.88321685791016,95.88321685791016,910,0.0,0.0,0.0
2021-08-25 00:00:00-04:00,95.7965087890625,95.7965087890625,95.7965087890625,95.7965087890625,94,0.0,0.0,0.0
2021-08-26 00:00:00-04:00,95.79170966587722,95.80953216552734,95.79170966587722,95.80953216552734,2006,0.0,0.0,0.0
2021-08-27 00:00:00-04:00,95.93272399902344,95.93272399902344,95.93272399902344,95.93272399902344,2,0.0,0.0,0.0
2021-08-30 00:00:00-04:00,96.0277099609375,96.0277099609375,96.0277099609375,96.0277099609375,74,0.0,0.0,0.0
2021-08-31 00:00:00-04:00,95.99399100386269,96.03733825683594,95.98435583115194,96.03733825683594,126287,0.0,0.0,0.0
2021-09-01 00:00:00-04:00,96.0604663746233,96.0604663746233,96.02289581298828,96.02289581298828,103,0.0,0.0,0.0
2021-09-02 00:00:00-04:00,96.09994961314105,96.09994961314105,96.06141627428438,96.06160736083984,572,0.0,0.0,0.0
2021-09-03 00:00:00-04:00,96.06143754084518,96.09033571401457,96.03253936767578,96.03253936767578,1509,0.0,0.0,0.0
2021-09-07 00:00:00-04:00,95.92271049819749,95.92271049819749,95.90258026123047,95.90258026123047,862,0.0,0.0,0.0
2021-09-08 00:00:00-04:00,95.95545196533203,95.95545196533203,95.95545196533203,95.95545196533203,200,0.0,0.0,0.0
2021-09-09 00:00:00-04:00,96.06624603271484,96.06624603271484,96.06624603271484,96.06624603271484,24,0.0,0.0,0.0
2021-09-10 00:00:00-04:00,95.97954559326172,95.97954559326172,95.97954559326172,95.97954559326172,13,0.0,0.0,0.0
2021-09-13 00:00:00-04:00,95.91153196780037,95.96027374267578,95.91153196780037,95.96027374267578,209,0.0,0.0,0.0
2021-09-14 00:00:00-04:00,96.07587432861328,96.07587432861328,96.03252707440814,96.07587432861328,1008,0.0,0.0,0.0
2021-09-15 00:00:00-04:00,96.05168958259678,96.05168958259678,96.00362396240234,96.00362396240234,102,0.0,0.0,0.0
2021-09-16 00:00:00-04:00,95.87849410304979,95.92656707763672,95.8783985597583,95.92656707763672,877,0.0,0.0,0.0
2021-09-17 00:00:00-04:00,95.74352758891168,95.8157730102539,95.74352758891168,95.8157730102539,502,0.0,0.0,0.0
2021-09-20 00:00:00-04:00,95.76290437625019,95.96991729736328,95.76290437625019,95.96991729736328,110,0.0,0.0,0.0
2021-09-21 00:00:00-04:00,95.93407872214406,95.93619537353516,95.93407872214406,95.93619537353516,464,0.0,0.0,0.0
2021-09-22 00:00:00-04:00,95.89765930175781,95.89765930175781,95.89765930175781,95.89765930175781,122,0.0,0.0,0.0
2021-09-23 00:00:00-04:00,95.75307543306135,95.75307543306135,95.61830794528866,95.6517333984375,2339,0.0,0.0,0.0
2021-09-24 00:00:00-04:00,95.56049299622168,95.56049299622168,95.55086517333984,95.55086517333984,171,0.0,0.0,0.0
2021-09-27 00:00:00-04:00,95.54122161865234,95.54122161865234,95.54122161865234,95.54122161865234,52,0.0,0.0,0.0
2021-09-28 00:00:00-04:00,95.45198059082031,95.45198059082031,95.45198059082031,95.45198059082031,12,0.122461,0.0,0.0
2021-09-29 00:00:00-04:00,95.47118377685547,95.47118377685547,95.47118377685547,95.47118377685547,33,0.0,0.0,0.0
2021-09-30 00:00:00-04:00,95.50502014160156,95.50502014160156,95.50502014160156,95.50502014160156,76,0.0,0.0,0.0
2021-10-01 00:00:00-04:00,95.65933990478516,95.65933990478516,95.65933990478516,95.65933990478516,18,0.0,0.0,0.0
2021-10-04 00:00:00-04:00,95.63040924072266,95.63040924072266,95.63040924072266,95.63040924072266,6,0.0,0.0,0.0
2021-10-05 00:00:00-04:00,95.54843139648438,95.54843139648438,95.54843139648438,95.54843139648438,16,0.0,0.0,0.0
2021-10-06 00:00:00-04:00,95.54360961914062,95.54360961914062,95.54360961914062,95.54360961914062,5,0.0,0.0,0.0
2021-10-07 00:00:00-04:00,95.39865624030259,95.40377044677734,95.39865624030259,95.40377044677734,252,0.0,0.0,0.0
2021-10-08 00:00:00-04:00,95.35071563720703,95.35071563720703,95.35071563720703,95.35071563720703,6,0.0,0.0,0.0
2021-10-11 00:00:00-04:00,95.25907987457548,95.25907987457548,95.21992492675781,95.21992492675781,125,0.0,0.0,0.0
2021-10-12 00:00:00-04:00,95.31695556640625,95.31695556640625,95.31695556640625,95.31695556640625,26,0.0,0.0,0.0
2021-10-13 00:00:00-04:00,95.32852935791016,95.32852935791016,95.32852935791016,95.32852935791016,51,0.0,0.0,0.0
2021-10-14 00:00:00-04:00,95.4278793334961,95.4278793334961,95.4278793334961,95.4278793334961,6,0.0,0.0,0.0
2021-10-15 00:00:00-04:00,95.26873016357422,95.26873016357422,95.26873016357422,95.26873016357422,4,0.0,0.0,0.0
2021-10-18 00:00:00-04:00,95.16744232177734,95.16744232177734,95.16744232177734,95.16744232177734,2,0.0,0.0,0.0
2021-10-19 00:00:00-04:00,95.08064871425245,95.0951156616211,95.08064871425245,95.0951156616211,254,0.0,0.0,0.0
2021-10-20 00:00:00-04:00,95.07100837433251,95.1867513200621,95.07100837433251,95.17179870605469,845,0.0,0.0,0.0
2021-10-21 00:00:00-04:00,94.97937774658203,94.97937774658203,94.97937774658203,94.97937774658203,100,0.0,0.0,0.0
2021-10-22 00:00:00-04:00,94.90704483610156,95.01487731933594,94.90704483610156,95.01487731933594,205,0.0,0.0,0.0
2021-10-25 00:00:00-04:00,95.07100677490234,95.07100677490234,95.07100677490234,95.07100677490234,48,0.0,0.0,0.0
2021-10-26 00:00:00-04:00,95.12887573242188,95.12887573242188,95.12887573242188,95.12887573242188,50716,0.0,0.0,0.0
2021-10-27 00:00:00-04:00,95.2638931274414,95.2638931274414,95.2638931274414,95.2638931274414,8,0.0,0.0,0.0
2021-10-28 00:00:00-04:00,95.13851575743699,95.14816284179688,95.13851575743699,95.14816284179688,307,0.0,0.0,0.0
2021-10-29 00:00:00-04:00,95.17769622802734,95.17769622802734,95.17769622802734,95.17769622802734,7,0.0,0.0,0.0
2021-11-01 00:00:00-04:00,95.16746030676192,95.17710739220189,95.03243054488308,95.11653900146484,1840,0.0,0.0,0.0
2021-11-02 00:00:00-04:00,95.24462890625,95.24462890625,95.24462890625,95.24462890625,157,0.0,0.0,0.0
2021-11-03 00:00:00-04:00,95.19638633032139,95.2639012056763,95.19156646728516,95.19156646728516,610,0.0,0.0,0.0
2021-11-04 00:00:00-04:00,95.39903259277344,95.39903259277344,95.39903259277344,95.39903259277344,41,0.0,0.0,0.0
2021-11-05 00:00:00-04:00,95.52914001020123,95.59183502197266,95.49538625210316,95.59183502197266,924,0.0,0.0,0.0
2021-11-08 00:00:00-05:00,95.43751304610133,95.46635128038933,95.36999816996136,95.41340637207031,2454,0.0,0.0,0.0
2021-11-09 00:00:00-05:00,95.54747772216797,95.54747772216797,95.54747772216797,95.54747772216797,4,0.0,0.0,0.0
2021-11-10 00:00:00-05:00,95.19639587402344,95.19639587402344,95.19639587402344,95.19639587402344,9,0.0,0.0,0.0
2021-11-11 00:00:00-05:00,95.08546447753906,95.08546447753906,95.08546447753906,95.08546447753906,12,0.0,0.0,0.0
2021-11-12 00:00:00-05:00,95.22533202342102,95.22533202342102,95.05172128461943,95.13302612304688,1549,0.0,0.0,0.0
2021-11-15 00:00:00-05:00,95.01033782958984,95.01033782958984,95.01033782958984,95.01033782958984,3,0.0,0.0,0.0
2021-11-16 00:00:00-05:00,95.00358495677058,95.00358495677058,94.95526123046875,94.95526123046875,466,0.0,0.0,0.0
2021-11-17 00:00:00-05:00,95.03243255615234,95.03243255615234,95.03243255615234,95.03243255615234,42,0.0,0.0,0.0
2021-11-18 00:00:00-05:00,95.13851812004756,95.13851812004756,95.08065032958984,95.08065032958984,1041,0.0,0.0,0.0
2021-11-19 00:00:00-05:00,95.10477447509766,95.10477447509766,95.10477447509766,95.10477447509766,338,0.0,0.0,0.0
2021-11-22 00:00:00-05:00,94.78164672851562,94.78164672851562,94.78164672851562,94.78164672851562,26,0.0,0.0,0.0
2021-11-23 00:00:00-05:00,94.68761444091797,94.68761444091797,94.68761444091797,94.68761444091797,4,0.0,0.0,0.0
2021-11-24 00:00:00-05:00,94.69966125488281,94.69966125488281,94.69966125488281,94.69966125488281,12,0.0,0.0,0.0
2021-11-26 00:00:00-05:00,95.09984978131176,95.09984978131176,95.04978942871094,95.04978942871094,174,0.0,0.0,0.0
2021-11-29 00:00:00-05:00,95.05171804969831,95.09029167161266,95.05171804969831,95.0661849975586,2489,0.0,0.0,0.0
2021-11-30 00:00:00-05:00,95.37963986864885,95.37963986864885,95.13899993896484,95.13899993896484,354054,0.0,0.0,0.0
2021-12-01 00:00:00-05:00,95.11219787597656,95.11219787597656,95.11219787597656,95.11219787597656,13,0.0,0.0,0.0
2021-12-02 00:00:00-05:00,95.08306121826172,95.08306121826172,95.08306121826172,95.08306121826172,5,0.0,0.0,0.0
2021-12-03 00:00:00-05:00,95.28319615541619,95.29611780360085,95.26206970214844,95.26206970214844,2036,0.0,0.0,0.0
2021-12-06 00:00:00-05:00,95.0951156616211,95.0951156616211,95.0951156616211,95.0951156616211,38,0.0,0.0,0.0
2021-12-07 00:00:00-05:00,95.01313781738281,95.01313781738281,95.01313781738281,95.01313781738281,88,0.0,0.0,0.0
2021-12-08 00:00:00-05:00,94.89835549882795,94.950439453125,94.89835549882795,94.950439453125,752,0.0,0.0,0.0
2021-12-09 00:00:00-05:00,94.98420631121364,94.99828325534942,94.97340393066406,94.97340393066406,308,0.0,0.0,0.0
2021-12-10 00:00:00-05:00,95.01313781738281,95.01313781738281,95.01313781738281,95.01313781738281,71,0.0,0.0,0.0
2021-12-13 00:00:00-05:00,95.06771295214638,95.1336898803711,95.06771295214638,95.1336898803711,1116,0.0,0.0,0.0
2021-12-14 00:00:00-05:00,95.04688262939453,95.04688262939453,95.04688262939453,95.04688262939453,3,0.0,0.0,0.0
2021-12-15 00:00:00-05:00,95.01021416634383,95.01948547363281,95.01021416634383,95.01948547363281,1005,0.073002,0.0,0.0
2021-12-16 00:00:00-05:00,95.20037158094875,95.2198715209961,95.19409743105436,95.2198715209961,597,0.0,0.0,0.0
2021-12-17 00:00:00-05:00,95.20905303955078,95.20905303955078,95.20905303955078,95.20905303955078,54,0.0,0.0,0.0
2021-12-20 00:00:00-05:00,95.21387481689453,95.21387481689453,95.21387481689453,95.21387481689453,48,0.0,0.0,0.0
2021-12-21 00:00:00-05:00,95.07391357421875,95.07391357421875,95.07391357421875,95.07391357421875,199,0.0,0.0,0.0
2021-12-22 00:00:00-05:00,95.16252899169922,95.16252899169922,95.16252899169922,95.16252899169922,2,0.0,0.0,0.0
2021-12-23 00:00:00-05:00,95.1028698463365,95.11416625976562,95.1028698463365,95.11416625976562,505,0.0,0.0,0.0
2021-12-27 00:00:00-05:00,95.11252288815666,95.12217712402344,94.85191006792384,95.12217712402344,2513,0.0,0.0,0.0
2021-12-28 00:00:00-05:00,95.18010559448174,95.18010559448174,95.16079711914062,95.16079711914062,160,0.0,0.0,0.0
2021-12-29 00:00:00-05:00,95.04497056847968,95.0594482421875,95.04497056847968,95.0594482421875,402,0.0,0.0,0.0
2021-12-30 00:00:00-05:00,95.17961120605469,95.17961120605469,95.17961120605469,95.17961120605469,83,0.0,0.0,0.0
2021-12-31 00:00:00-05:00,95.15596008300781,95.15596008300781,95.15596008300781,95.15596008300781,5,0.0,0.0,0.0
2022-01-03 00:00:00-05:00,94.89052780945913,94.89052780945913,94.87576293945312,94.87576293945312,177,0.0,0.0,0.0
2022-01-04 00:00:00-05:00,94.86157544873316,94.87267303466797,94.86157544873316,94.87267303466797,356148,0.0,0.0,0.0
2022-01-05 00:00:00-05:00,94.83261660277884,94.85191771204356,94.67828136891005,94.68435668945312,356863,0.0,0.0,0.0
2022-01-06 00:00:00-05:00,94.57684326171875,94.57684326171875,94.57684326171875,94.57684326171875,104,0.0,0.0,0.0
2022-01-07 00:00:00-05:00,94.48958587646484,94.48958587646484,94.48958587646484,94.48958587646484,3,0.0,0.0,0.0
2022-01-10 00:00:00-05:00,94.4368764457245,94.49479450312693,94.42722957284501,94.44180297851562,8362,0.0,0.0,0.0
2022-01-11 00:00:00-05:00,94.44653040924258,94.51631927490234,94.44653040924258,94.51631927490234,103,0.0,0.0,0.0
2022-01-12 00:00:00-05:00,94.51892992173791,94.51892992173791,94.51409912109375,94.51409912109375,104,0.0,0.0,0.0
2022-01-13 00:00:00-05:00,94.58262634277344,94.58262634277344,94.58262634277344,94.58262634277344,2,0.0,0.0,0.0
2022-01-14 00:00:00-05:00,94.40647816020031,94.40647816020031,94.33553314208984,94.33553314208984,133,0.0,0.0,0.0
2022-01-18 00:00:00-05:00,94.05078430155822,94.05078430155822,94.02249908447266,94.02249908447266,163,0.0,0.0,0.0
2022-01-19 00:00:00-05:00,94.1135237325752,94.1135237325752,94.10310363769531,94.10310363769531,103,0.0,0.0,0.0
2022-01-20 00:00:00-05:00,94.11121368408203,94.11121368408203,94.11121368408203,94.11121368408203,2,0.0,0.0,0.0
2022-01-21 00:00:00-05:00,94.29210662841797,94.29210662841797,94.29210662841797,94.29210662841797,84,0.0,0.0,0.0
2022-01-24 00:00:00-05:00,94.36921559833642,94.43687626081216,94.31159210205078,94.31159210205078,6378,0.0,0.0,0.0
2022-01-25 00:00:00-05:00,94.27288427241722,94.27288427241722,94.23572540283203,94.23572540283203,106,0.0,0.0,0.0
2022-01-26 00:00:00-05:00,93.95378112792969,93.95378112792969,93.95378112792969,93.95378112792969,5,0.0,0.0,0.0
2022-01-27 00:00:00-05:00,94.00156270409063,94.00156270409063,93.92530822753906,93.92530822753906,206,0.0,0.0,0.0
2022-01-28 00:00:00-05:00,93.92627668584913,94.02386474609375,93.92627668584913,94.02386474609375,925,0.0,0.0,0.0
2022-01-31 00:00:00-05:00,94.06141523923549,94.06141523923549,94.02898406982422,94.02898406982422,935,0.0,0.0,0.0
2022-02-01 00:00:00-05:00,94.01701520920946,94.01701520920946,94.01219177246094,94.01219177246094,280,0.0,0.0,0.0
2022-02-02 00:00:00-05:00,94.08380126953125,94.08380126953125,94.08380126953125,94.08380126953125,4,0.0,0.0,0.0
2022-02-03 00:00:00-05:00,93.92434009051856,93.92520904541016,93.87221752507112,93.92520904541016,221,0.0,0.0,0.0
2022-02-04 00:00:00-05:00,93.55756205702598,93.55756205702598,93.55370330810547,93.55370330810547,104,0.0,0.0,0.0
2022-02-07 00:00:00-05:00,93.57822457811561,93.59559631347656,93.57822457811561,93.59559631347656,502,0.0,0.0,0.0
2022-02-08 00:00:00-05:00,93.45978546142578,93.45978546142578,93.45978546142578,93.45978546142578,3,0.0,0.0,0.0
2022-02-09 00:00:00-05:00,93.48613739013672,93.48613739013672,93.48613739013672,93.48613739013672,2,0.0,0.0,0.0
2022-02-10 00:00:00-05:00,92.93480682373047,92.93480682373047,92.93480682373047,92.93480682373047,2,0.0,0.0,0.0
2022-02-11 00:00:00-05:00,93.32243347167969,93.32243347167969,93.32243347167969,93.32243347167969,4,0.0,0.0,0.0
2022-02-14 00:00:00-05:00,93.07041931152344,93.07041931152344,93.07041931152344,93.07041931152344,13,0.0,0.0,0.0
2022-02-15 00:00:00-05:00,93.00739115870248,93.00739115870248,93.00353240966797,93.00353240966797,103,0.0,0.0,0.0
2022-02-16 00:00:00-05:00,93.07987213134766,93.07987213134766,93.07987213134766,93.07987213134766,2,0.0,0.0,0.0
2022-02-17 00:00:00-05:00,93.20834350585938,93.20834350585938,93.20834350585938,93.20834350585938,4,0.0,0.0,0.0
2022-02-18 00:00:00-05:00,93.28083801269531,93.28083801269531,93.28083801269531,93.28083801269531,2,0.0,0.0,0.0
2022-02-22 00:00:00-05:00,93.18209540451797,93.19174964114153,93.16655731201172,93.16655731201172,156012,0.0,0.0,0.0
2022-02-23 00:00:00-05:00,93.03771209716797,93.03771209716797,93.03771209716797,93.03771209716797,22,0.0,0.0,0.0
2022-02-24 00:00:00-05:00,93.12574005126953,93.12574005126953,93.12574005126953,93.12574005126953,48,0.0,0.0,0.0
2022-02-25 00:00:00-05:00,93.13866424560547,93.13866424560547,93.13866424560547,93.13866424560547,10,0.0,0.0,0.0
2022-02-28 00:00:00-05:00,93.56731414794922,93.56731414794922,93.56731414794922,93.56731414794922,43,0.0,0.0,0.0
2022-03-01 00:00:00-05:00,93.8963559346465,93.90803527832031,93.8963559346465,93.90803527832031,107,0.0,0.0,0.0
2022-03-02 00:00:00-05:00,93.67435676097355,93.67435676097355,93.38584899902344,93.38584899902344,316,0.0,0.0,0.0
2022-03-03 00:00:00-05:00,93.42706298828125,93.42706298828125,93.42706298828125,93.42706298828125,4,0.0,0.0,0.0
2022-03-04 00:00:00-05:00,93.6805419921875,93.6805419921875,93.6805419921875,93.6805419921875,14,0.0,0.0,0.0
2022-03-07 00:00:00-05:00,93.45023345947266,93.45023345947266,93.45023345947266,93.45023345947266,2,0.0,0.0,0.0
2022-03-08 00:00:00-05:00,93.10970306396484,93.10970306396484,93.10970306396484,93.10970306396484,23,0.0,0.0,0.0
2022-03-09 00:00:00-05:00,92.9136734008789,92.9136734008789,92.9136734008789,92.9136734008789,30,0.0,0.0,0.0
2022-03-10 00:00:00-05:00,92.74292755126953,92.74292755126953,92.74292755126953,92.74292755126953,5,0.0,0.0,0.0
2022-03-11 00:00:00-05:00,92.68994140625,92.68994140625,92.68994140625,92.68994140625,139,0.0,0.0,0.0
2022-03-14 00:00:00-04:00,92.23551177978516,92.23551177978516,92.23551177978516,92.23551177978516,31,0.0,0.0,0.0
2022-03-15 00:00:00-04:00,92.21764373779297,92.21764373779297,92.21764373779297,92.21764373779297,26,0.0,0.0,0.0
2022-03-16 00:00:00-04:00,92.16456604003906,92.16456604003906,92.16456604003906,92.16456604003906,20,0.0,0.0,0.0
2022-03-17 00:00:00-04:00,92.27460479736328,92.27460479736328,92.27460479736328,92.27460479736328,23,0.0,0.0,0.0
2022-03-18 00:00:00-04:00,92.3729476928711,92.3729476928711,92.3729476928711,92.3729476928711,11,0.0,0.0,0.0
2022-03-21 00:00:00-04:00,91.84044998815084,91.85897787602657,91.83089148319745,91.84160614013672,503,0.0,0.0,0.0
2022-03-22 00:00:00-04:00,91.6927719116211,91.6927719116211,91.6927719116211,91.6927719116211,7,0.0,0.0,0.0
2022-03-23 00:00:00-04:00,91.9018325805664,91.9018325805664,91.9018325805664,91.9018325805664,1,0.0,0.0,0.0
2022-03-24 00:00:00-04:00,91.77914428710938,91.77914428710938,91.77914428710938,91.77914428710938,4,0.0,0.0,0.0
2022-03-25 00:00:00-04:00,91.32975769042969,91.32975769042969,91.32975769042969,91.32975769042969,5,0.0,0.0,0.0
2022-03-28 00:00:00-04:00,91.35416412353516,91.35416412353516,91.35416412353516,91.35416412353516,11,0.0,0.0,0.0
2022-03-29 00:00:00-04:00,91.3974833801352,91.52029418945312,91.3974833801352,91.52029418945312,1004,0.170991,0.0,0.0
2022-03-30 00:00:00-04:00,91.58217718399447,91.70614624023438,91.58121075062341,91.70614624023438,2615,0.0,0.0,0.0
2022-03-31 00:00:00-04:00,91.8702242145209,91.8702242145209,91.73735809326172,91.73735809326172,906,0.0,0.0,0.0
2022-04-01 00:00:00-04:00,91.48451999525543,91.92932281916147,91.38782501220703,91.38782501220703,19678,0.0,0.0,0.0
2022-04-04 00:00:00-04:00,91.4845199584961,91.4845199584961,91.4845199584961,91.4845199584961,11,0.0,0.0,0.0
2022-04-05 00:00:00-04:00,91.06870309386208,91.06870309386208,91.05419921875,91.05419921875,462,0.0,0.0,0.0
2022-04-06 00:00:00-04:00,90.96234051507301,91.00198640945614,90.96234051507301,90.99134826660156,2898,0.0,0.0,0.0
2022-04-07 00:00:00-04:00,91.00102809501001,91.00102809501001,90.96747589111328,90.96747589111328,543,0.0,0.0,0.0
2022-04-08 00:00:00-04:00,90.76419830322266,90.76419830322266,90.76419830322266,90.76419830322266,1482,0.0,0.0,0.0
2022-04-11 00:00:00-04:00,90.61423696523072,90.61423696523072,90.58861541748047,90.58861541748047,327,0.0,0.0,0.0
2022-04-12 00:00:00-04:00,90.92491912841797,90.92491912841797,90.92491912841797,90.92491912841797,5,0.0,0.0,0.0
2022-04-13 00:00:00-04:00,90.94842529296875,90.94842529296875,90.94842529296875,90.94842529296875,1305,0.0,0.0,0.0
2022-04-14 00:00:00-04:00,90.61906433105469,90.61906433105469,90.61906433105469,90.61906433105469,3,0.0,0.0,0.0
2022-04-18 00:00:00-04:00,90.57071685791016,90.57071685791016,90.57071685791016,90.57071685791016,2,0.0,0.0,0.0
2022-04-19 00:00:00-04:00,90.19398498535156,90.19398498535156,90.19398498535156,90.19398498535156,6221,0.0,0.0,0.0
2022-04-20 00:00:00-04:00,90.31448364257812,90.31448364257812,90.31448364257812,90.31448364257812,127,0.0,0.0,0.0
2022-04-21 00:00:00-04:00,90.14932250976562,90.14932250976562,90.14932250976562,90.14932250976562,3,0.0,0.0,0.0
2022-04-22 00:00:00-04:00,90.08597564697266,90.08597564697266,90.08597564697266,90.08597564697266,7,0.0,0.0,0.0
2022-04-25 00:00:00-04:00,90.31447969099725,90.36282348632812,90.31447969099725,90.36282348632812,404,0.0,0.0,0.0
2022-04-26 00:00:00-04:00,90.55622486478948,90.5858154296875,90.52228166132507,90.5858154296875,450,0.0,0.0,0.0
2022-04-27 00:00:00-04:00,90.52720566534707,90.52720566534707,90.42557525634766,90.42557525634766,514,0.0,0.0,0.0
2022-04-28 00:00:00-04:00,90.22792561042094,90.31717681884766,90.22792561042094,90.31717681884766,320,0.0,0.0,0.0
2022-04-29 00:00:00-04:00,90.17909823983719,90.18876257173909,90.15850067138672,90.15850067138672,11026,0.0,0.0,0.0
2022-05-02 00:00:00-04:00,89.8199691772461,89.8199691772461,89.8199691772461,89.8199691772461,2,0.0,0.0,0.0
2022-05-03 00:00:00-04:00,90.0243889520216,90.0243889520216,89.87470245361328,89.87470245361328,755,0.0,0.0,0.0
2022-05-04 00:00:00-04:00,89.81165124400084,90.19525146484375,89.81165124400084,90.19525146484375,803,0.0,0.0,0.0
2022-05-05 00:00:00-04:00,89.90931879669066,89.90931879669066,89.72462676833936,89.88949584960938,436,0.0,0.0,0.0
2022-05-06 00:00:00-04:00,89.72462463378906,89.72462463378906,89.72462463378906,89.72462463378906,63,0.0,0.0,0.0
2022-05-09 00:00:00-04:00,89.84065681592494,90.00581359863281,89.84065681592494,90.00581359863281,1373,0.0,0.0,0.0
2022-05-10 00:00:00-04:00,90.11141484785978,90.12107918017117,90.11141484785978,90.1130599975586,399,0.0,0.0,0.0
2022-05-11 00:00:00-04:00,90.22744750976562,90.22744750976562,90.22744750976562,90.22744750976562,20,0.0,0.0,0.0
2022-05-12 00:00:00-04:00,90.39154052734375,90.39154052734375,90.39154052734375,90.39154052734375,29,0.0,0.0,0.0
2022-05-13 00:00:00-04:00,90.22261047363281,90.22261047363281,90.22261047363281,90.22261047363281,11,0.0,0.0,0.0
2022-05-16 00:00:00-04:00,90.4400884721717,90.4400884721717,90.37249716094777,90.38700103759766,614,0.0,0.0,0.0
2022-05-17 00:00:00-04:00,90.01441955566406,90.01441955566406,90.01441955566406,90.01441955566406,3,0.0,0.0,0.0
2022-05-18 00:00:00-04:00,90.1791080637972,90.20811581736817,90.16460418701172,90.16460418701172,601,0.0,0.0,0.0
2022-05-19 00:00:00-04:00,90.35731506347656,90.35731506347656,90.35731506347656,90.35731506347656,2,0.0,0.0,0.0
2022-05-20 00:00:00-04:00,90.51715850830078,90.51715850830078,90.51715850830078,90.51715850830078,7,0.0,0.0,0.0
2022-05-23 00:00:00-04:00,90.33380126953125,90.33380126953125,90.33380126953125,90.33380126953125,3,0.0,0.0,0.0
2022-05-24 00:00:00-04:00,90.74951652745213,90.74951652745213,90.7132568359375,90.7132568359375,199,0.0,0.0,0.0
2022-05-25 00:00:00-04:00,90.90229034423828,90.90229034423828,90.90229034423828,90.90229034423828,82,0.0,0.0,0.0
2022-05-26 00:00:00-04:00,90.88884472118531,90.9816665649414,90.88884472118531,90.9816665649414,250,0.0,0.0,0.0
2022-05-27 00:00:00-04:00,90.98167812525871,91.030029296875,90.98167812525871,91.030029296875,147,0.0,0.0,0.0
2022-05-31 00:00:00-04:00,90.6819316493927,90.69402313232422,90.6577560608835,90.69402313232422,268,0.0,0.0,0.0
2022-06-01 00:00:00-04:00,90.46917395434991,90.46917395434991,90.36416472812628,90.40632629394531,391,0.0,0.0,0.0
2022-06-02 00:00:00-04:00,90.45468139648438,90.45468139648438,90.45468139648438,90.45468139648438,2,0.0,0.0,0.0
2022-06-03 00:00:00-04:00,90.36282395567467,90.53687784994688,90.36282395567467,90.36708068847656,1692,0.0,0.0,0.0
2022-06-06 00:00:00-04:00,90.1202163696289,90.1202163696289,90.1202163696289,90.1202163696289,3,0.0,0.0,0.0
2022-06-07 00:00:00-04:00,90.23509216308594,90.23509216308594,90.23509216308594,90.23509216308594,7,0.0,0.0,0.0
2022-06-08 00:00:00-04:00,90.09690856933594,90.09690856933594,90.09690856933594,90.09690856933594,3,0.0,0.0,0.0
2022-06-09 00:00:00-04:00,90.00466045415061,90.00466045415061,89.97604370117188,89.97604370117188,181,0.0,0.0,0.0
2022-06-10 00:00:00-04:00,89.65694848827403,89.65694848827403,89.37904357910156,89.37904357910156,153,0.0,0.0,0.0
2022-06-13 00:00:00-04:00,88.73833328889192,88.73833328889192,88.50336456298828,88.50336456298828,114,0.0,0.0,0.0
2022-06-14 00:00:00-04:00,88.16626739501953,88.16626739501953,88.16626739501953,88.16626739501953,18,0.0,0.0,0.0
2022-06-15 00:00:00-04:00,88.82536315917969,88.82536315917969,88.82536315917969,88.82536315917969,12,0.0,0.0,0.0
2022-06-16 00:00:00-04:00,89.03335571289062,89.03335571289062,89.03335571289062,89.03335571289062,2,0.0,0.0,0.0
2022-06-17 00:00:00-04:00,88.99727630615234,88.99727630615234,88.99727630615234,88.99727630615234,52,0.0,0.0,0.0
2022-06-21 00:00:00-04:00,88.86885833740234,88.86885833740234,88.86885833740234,88.86885833740234,12,0.0,0.0,0.0
2022-06-22 00:00:00-04:00,89.34239196777344,89.34239196777344,89.34239196777344,89.34239196777344,1,0.0,0.0,0.0
2022-06-23 00:00:00-04:00,89.53858184814453,89.53858184814453,89.53858184814453,89.53858184814453,90,0.0,0.0,0.0
2022-06-24 00:00:00-04:00,89.54090764466709,89.54090764466709,89.48772430419922,89.48772430419922,270,0.0,0.0,0.0
2022-06-27 00:00:00-04:00,89.34461661635439,89.34461661635439,89.26725769042969,89.26725769042969,366,0.0,0.0,0.0
2022-06-28 00:00:00-04:00,89.24485778808594,89.24485778808594,89.24485778808594,89.24485778808594,7,0.079362,0.0,0.0
2022-06-29 00:00:00-04:00,89.45342611371402,89.52117156982422,89.45333012560181,89.52117156982422,487,0.0,0.0,0.0
2022-06-30 00:00:00-04:00,89.88689422607422,89.88689422607422,89.88689422607422,89.88689422607422,98,0.0,0.0,0.0
2022-07-01 00:00:00-04:00,90.41639709472656,90.41639709472656,90.41639709472656,90.41639709472656,84,0.0,0.0,0.0
2022-07-05 00:00:00-04:00,90.53736114501953,90.53736114501953,90.53736114501953,90.53736114501953,110,0.0,0.0,0.0
2022-07-06 00:00:00-04:00,90.18411366389005,90.18411366389005,90.10321044921875,90.10321044921875,302,0.0,0.0,0.0
2022-07-07 00:00:00-04:00,89.92280578613281,89.92280578613281,89.92280578613281,89.92280578613281,4,0.0,0.0,0.0
2022-07-08 00:00:00-04:00,89.7728042602539,89.7728042602539,89.7728042602539,89.7728042602539,1,0.0,0.0,0.0
2022-07-11 00:00:00-04:00,89.95870208740234,89.95870208740234,89.95870208740234,89.95870208740234,3,0.0,0.0,0.0
2022-07-12 00:00:00-04:00,90.10184478759766,90.10184478759766,90.10184478759766,90.10184478759766,4,0.0,0.0,0.0
2022-07-13 00:00:00-04:00,90.06971763897639,90.12681579589844,90.06971763897639,90.12681579589844,186,0.0,0.0,0.0
2022-07-14 00:00:00-04:00,90.00187683105469,90.00187683105469,90.00187683105469,90.00187683105469,2,0.0,0.0,0.0
2022-07-15 00:00:00-04:00,90.09700775146484,90.09700775146484,90.09700775146484,90.09700775146484,2,0.0,0.0,0.0
2022-07-18 00:00:00-04:00,89.85989449880647,90.04861450195312,89.85989449880647,90.04861450195312,134,0.0,0.0,0.0
2022-07-19 00:00:00-04:00,89.84703063964844,89.84703063964844,89.84703063964844,89.84703063964844,3,0.0,0.0,0.0
2022-07-20 00:00:00-04:00,89.7969970703125,89.7969970703125,89.7969970703125,89.7969970703125,1,0.0,0.0,0.0
2022-07-21 00:00:00-04:00,90.31098937988281,90.31098937988281,90.31098937988281,90.31098937988281,37,0.0,0.0,0.0
2022-07-22 00:00:00-04:00,90.7610092163086,90.7610092163086,90.7610092163086,90.7610092163086,76,0.0,0.0,0.0
2022-07-25 00:00:00-04:00,90.63414001464844,90.63414001464844,90.63414001464844,90.63414001464844,3,0.0,0.0,0.0
2022-07-26 00:00:00-04:00,90.75983871832311,90.75983871832311,90.5845718383789,90.5845718383789,482,0.0,0.0,0.0
2022-07-27 00:00:00-04:00,90.75028202032279,90.88578033447266,90.75028202032279,90.88578033447266,103,0.0,0.0,0.0
2022-07-28 00:00:00-04:00,91.32126975122488,91.32126975122488,91.29707336425781,91.29707336425781,402,0.0,0.0,0.0
2022-07-29 00:00:00-04:00,91.35030007362653,91.37449645996094,91.35030007362653,91.37449645996094,371,0.0,0.0,0.0
2022-08-01 00:00:00-04:00,91.48578858868784,91.48578858868784,91.45191955566406,91.45191955566406,365,0.0,0.0,0.0
2022-08-02 00:00:00-04:00,91.19062071746859,91.19062071746859,90.77931164880317,90.82286071777344,10729,0.0,0.0,0.0
2022-08-03 00:00:00-04:00,90.63413564462948,90.95660400390625,90.63413564462948,90.95660400390625,376,0.0,0.0,0.0
2022-08-04 00:00:00-04:00,91.0212621956387,91.15123748779297,91.0212621956387,91.15123748779297,9768,0.0,0.0,0.0
2022-08-05 00:00:00-04:00,90.5807113647461,90.5807113647461,90.5807113647461,90.5807113647461,1,0.0,0.0,0.0
2022-08-08 00:00:00-04:00,90.75511169433594,90.75511169433594,90.75511169433594,90.75511169433594,24,0.0,0.0,0.0
2022-08-09 00:00:00-04:00,90.5485768323833,90.59696960449219,90.5485768323833,90.59696960449219,403,0.0,0.0,0.0
2022-08-10 00:00:00-04:00,90.87608241601005,90.87608241601005,90.8712387084961,90.8712387084961,236,0.0,0.0,0.0
2022-08-11 00:00:00-04:00,90.54325103759766,90.54325103759766,90.54325103759766,90.54325103759766,18,0.0,0.0,0.0
2022-08-12 00:00:00-04:00,90.69511413574219,90.69511413574219,90.69511413574219,90.69511413574219,7,0.0,0.0,0.0
2022-08-15 00:00:00-04:00,90.93404903526384,90.93404903526384,90.85120391845703,90.85120391845703,157,0.0,0.0,0.0
2022-08-16 00:00:00-04:00,90.72347259521484,90.72347259521484,90.72347259521484,90.72347259521484,3,0.0,0.0,0.0
2022-08-17 00:00:00-04:00,90.41831970214844,90.41831970214844,90.41831970214844,90.41831970214844,2,0.0,0.0,0.0
2022-08-18 00:00:00-04:00,90.53736028742323,90.53736028742323,90.51316389958366,90.51325988769531,6692,0.0,0.0,0.0
2022-08-19 00:00:00-04:00,90.29541015625,90.29541015625,90.29541015625,90.29541015625,1,0.0,0.0,0.0
2022-08-22 00:00:00-04:00,90.10194889164825,90.10194889164825,90.05830383300781,90.05830383300781,348,0.0,0.0,0.0
2022-08-23 00:00:00-04:00,90.04860277369477,90.04860277369477,90.01202392578125,90.01202392578125,4602,0.0,0.0,0.0
2022-08-24 00:00:00-04:00,89.85021724704639,89.86802673339844,89.84054459898618,89.86802673339844,1259,0.0,0.0,0.0
2022-08-25 00:00:00-04:00,90.11383819580078,90.11383819580078,90.11383819580078,90.11383819580078,1,0.0,0.0,0.0
2022-08-26 00:00:00-04:00,90.02441930963619,90.02441930963619,90.00990295410156,90.00990295410156,226,0.0,0.0,0.0
2022-08-29 00:00:00-04:00,89.77212162035087,89.77212162035087,89.7534408569336,89.7534408569336,799,0.0,0.0,0.0
2022-08-30 00:00:00-04:00,89.7114486694336,89.7114486694336,89.7114486694336,89.7114486694336,3,0.0,0.0,0.0
2022-08-31 00:00:00-04:00,89.71472383202982,89.73408389501122,89.68085479736328,89.68085479736328,2715,0.0,0.0,0.0
2022-09-01 00:00:00-04:00,89.3131084376907,89.32762479528955,89.3121337890625,89.3121337890625,756,0.0,0.0,0.0
2022-09-02 00:00:00-04:00,89.58890852849846,89.58900451660156,89.54535946449413,89.58900451660156,2001,0.0,0.0,0.0
2022-09-06 00:00:00-04:00,89.15088653564453,89.15088653564453,89.15088653564453,89.15088653564453,19,0.0,0.0,0.0
2022-09-07 00:00:00-04:00,89.33728665371498,89.4381332397461,89.33728665371498,89.4381332397461,293,0.0,0.0,0.0
2022-09-08 00:00:00-04:00,89.302734375,89.302734375,89.302734375,89.302734375,4,0.0,0.0,0.0
2022-09-09 00:00:00-04:00,89.2513427734375,89.2513427734375,89.2513427734375,89.2513427734375,58,0.0,0.0,0.0
2022-09-12 00:00:00-04:00,89.20498657226562,89.20498657226562,89.20498657226562,89.20498657226562,36,0.0,0.0,0.0
2022-09-13 00:00:00-04:00,88.75660685907361,88.8038330078125,88.74692682764824,88.8038330078125,2403,0.0,0.0,0.0
2022-09-14 00:00:00-04:00,88.69952166822634,88.83404532827068,88.69855440331246,88.77442932128906,1854,0.0,0.0,0.0
2022-09-15 00:00:00-04:00,88.63563657198776,88.63563657198776,88.596923828125,88.596923828125,127,0.0,0.0,0.0
2022-09-16 00:00:00-04:00,88.69369506835938,88.69369506835938,88.69369506835938,88.69369506835938,4,0.0,0.0,0.0
2022-09-19 00:00:00-04:00,88.50497713226706,88.50497713226706,88.50391387939453,88.50391387939453,116,0.0,0.0,0.0
2022-09-20 00:00:00-04:00,88.28219370603905,88.29206571334235,88.277541974849,88.28877258300781,2316,0.0,0.0,0.0
2022-09-21 00:00:00-04:00,88.19538486449899,88.37907657873741,88.19538486449899,88.37433624267578,7816,0.0,0.0,0.0
2022-09-22 00:00:00-04:00,87.84649625309109,87.87592030124438,87.76994204198616,87.8130111694336,8384,0.0,0.0,0.0
2022-09-23 00:00:00-04:00,87.59622691570692,87.74032722478097,87.54686687439929,87.68235778808594,14798,0.0,0.0,0.0
2022-09-26 00:00:00-04:00,87.43082874776346,87.43082874776346,87.05328536139287,87.0629653930664,1669,0.0,0.0,0.0
2022-09-27 00:00:00-04:00,87.13070895782757,87.13070895782757,86.82101440429688,86.82101440429688,2803,0.0,0.0,0.0
2022-09-28 00:00:00-04:00,87.31922095005653,87.65123748779297,87.24526131702216,87.65123748779297,877,0.489064,0.0,0.0
2022-09-29 00:00:00-04:00,87.37476633701284,87.4234169473522,87.37476633701284,87.3969497680664,1090,0.0,0.0,0.0
2022-09-30 00:00:00-04:00,87.57911909756358,87.57911909756358,87.26013946533203,87.26013946533203,2654,0.0,0.0,0.0
2022-10-03 00:00:00-04:00,87.84186375525881,87.99746703504889,87.82590920359753,87.82882690429688,738,0.0,0.0,0.0
2022-10-04 00:00:00-04:00,88.14352534499766,88.14352534499766,88.01274108886719,88.01274108886719,157,0.0,0.0,0.0
2022-10-05 00:00:00-04:00,87.6492919921875,87.6492919921875,87.6492919921875,87.6492919921875,44,0.0,0.0,0.0
2022-10-06 00:00:00-04:00,87.52073669433594,87.52073669433594,87.52073669433594,87.52073669433594,145,0.0,0.0,0.0
2022-10-07 00:00:00-04:00,87.2000961303711,87.2000961303711,87.2000961303711,87.2000961303711,2,0.0,0.0,0.0
2022-10-10 00:00:00-04:00,87.07156372070312,87.07156372070312,87.07156372070312,87.07156372070312,11,0.0,0.0,0.0
2022-10-11 00:00:00-04:00,87.03517106838967,87.06192779541016,87.03429501572919,87.06192779541016,861,0.0,0.0,0.0
2022-10-12 00:00:00-04:00,87.14385223388672,87.14385223388672,87.14385223388672,87.14385223388672,2,0.0,0.0,0.0
2022-10-13 00:00:00-04:00,86.9037857055664,86.9037857055664,86.9037857055664,86.9037857055664,2,0.0,0.0,0.0
2022-10-14 00:00:00-04:00,86.74624633789062,86.74624633789062,86.74624633789062,86.74624633789062,4,0.0,0.0,0.0
2022-10-17 00:00:00-04:00,86.8608797466611,86.8608797466611,86.81319427490234,86.81319427490234,169,0.0,0.0,0.0
2022-10-18 00:00:00-04:00,86.9273452758789,86.9273452758789,86.9273452758789,86.9273452758789,28,0.0,0.0,0.0
2022-10-19 00:00:00-04:00,86.500732421875,86.500732421875,86.500732421875,86.500732421875,30,0.0,0.0,0.0
2022-10-20 00:00:00-04:00,86.22554779052734,86.22554779052734,86.22554779052734,86.22554779052734,100,0.0,0.0,0.0
2022-10-21 00:00:00-04:00,86.49850463867188,86.49850463867188,86.49850463867188,86.49850463867188,131,0.0,0.0,0.0
2022-10-24 00:00:00-04:00,86.48934936523438,86.5077464703018,86.48934936523438,86.48934936523438,115,0.0,0.0,0.0
2022-10-25 00:00:00-04:00,86.86515808105469,86.9169342740705,86.86515808105469,86.86515808105469,136,0.0,0.0,0.0
2022-10-26 00:00:00-04:00,86.98067215194465,87.07798080871422,86.98067215194465,87.03467559814453,3815,0.0,0.0,0.0
2022-10-27 00:00:00-04:00,87.29692535805722,87.35530906609063,87.29692535805722,87.3387680053711,2269,0.0,0.0,0.0
2022-10-28 00:00:00-04:00,87.13149658596642,87.1492032414038,87.1120304012466,87.13578033447266,1384,0.0,0.0,0.0
2022-10-31 00:00:00-04:00,87.01473520438482,87.0342013921145,86.83957663569433,86.89173889160156,4217,0.0,0.0,0.0
2022-11-01 00:00:00-04:00,86.92412567138672,86.92412567138672,86.92412567138672,86.92412567138672,36,0.0,0.0,0.0
2022-11-02 00:00:00-04:00,87.01423653587668,87.01423653587668,86.81192779541016,86.81192779541016,135,0.0,0.0,0.0
2022-11-03 00:00:00-04:00,86.60933685302734,86.60933685302734,86.60933685302734,86.60933685302734,262,0.0,0.0,0.0
2022-11-04 00:00:00-04:00,86.70488739013672,86.70488739013672,86.70488739013672,86.70488739013672,2,0.0,0.0,0.0
2022-11-07 00:00:00-05:00,86.56446075439453,86.56446075439453,86.56446075439453,86.56446075439453,2,0.0,0.0,0.0
2022-11-08 00:00:00-05:00,86.59629198636516,86.78128014339302,86.48925023783895,86.78099060058594,3775,0.0,0.0,0.0
2022-11-09 00:00:00-05:00,86.81038126346184,86.94661487535241,86.81038126346184,86.85903930664062,18223,0.0,0.0,0.0
2022-11-10 00:00:00-05:00,87.95863560298866,88.00914226248261,87.83310765962197,87.99211120605469,24776,0.0,0.0,0.0
2022-11-11 00:00:00-05:00,88.11433410455561,88.11433410455561,87.93430529841457,87.94403839111328,715,0.0,0.0,0.0
2022-11-14 00:00:00-05:00,87.77072512429733,87.852754824631,87.77072512429733,87.82716369628906,1646,0.0,0.0,0.0
2022-11-15 00:00:00-05:00,88.11432531614139,88.1794204711914,88.11432531614139,88.1794204711914,112,0.0,0.0,0.0
2022-11-16 00:00:00-05:00,88.27975729520101,88.38777160644531,88.2602911103029,88.38777160644531,375,0.0,0.0,0.0
2022-11-17 00:00:00-05:00,88.04748651732507,88.15812899802042,88.04748651732507,88.12922668457031,458,0.0,0.0,0.0
2022-11-18 00:00:00-05:00,87.95425415039062,87.95425415039062,87.95425415039062,87.95425415039062,2,0.0,0.0,0.0
2022-11-21 00:00:00-05:00,88.10460777841627,88.10460777841627,87.91475677490234,87.91475677490234,6309,0.0,0.0,0.0
2022-11-22 00:00:00-05:00,88.03648376464844,88.03648376464844,88.03648376464844,88.03648376464844,103,0.0,0.0,0.0
2022-11-23 00:00:00-05:00,88.27975575921982,88.30408477783203,88.27975575921982,88.30408477783203,383,0.0,0.0,0.0
2022-11-25 00:00:00-05:00,88.25543367254075,88.33746337890625,88.25543367254075,88.33746337890625,352,0.0,0.0,0.0
2022-11-28 00:00:00-05:00,88.36695098876953,88.36695098876953,88.36695098876953,88.36695098876953,2440,0.0,0.0,0.0
2022-11-29 00:00:00-05:00,88.17768096923828,88.17768096923828,88.17768096923828,88.17768096923828,123,0.0,0.0,0.0
2022-11-30 00:00:00-05:00,88.06558338045309,88.5133056640625,88.04622113265597,88.5133056640625,494,0.0,0.0,0.0
2022-12-01 00:00:00-05:00,88.86848263598672,89.054443359375,88.86848263598672,89.054443359375,14968,0.0,0.0,0.0
2022-12-02 00:00:00-05:00,89.13619232177734,89.13619232177734,89.13619232177734,89.13619232177734,2,0.0,0.0,0.0
2022-12-05 00:00:00-05:00,88.8003623191724,88.8441575229347,88.70295715332031,88.70295715332031,1397,0.0,0.0,0.0
2022-12-06 00:00:00-05:00,88.85388946533203,88.85388946533203,88.85388946533203,88.85388946533203,103,0.0,0.0,0.0
2022-12-07 00:00:00-05:00,89.19437721720291,89.22843933105469,89.18795530602554,89.22843933105469,715,0.0,0.0,0.0
2022-12-08 00:00:00-05:00,89.05055236816406,89.05055236816406,89.05055236816406,89.05055236816406,3,0.0,0.0,0.0
2022-12-09 00:00:00-05:00,88.85768127441406,88.85768127441406,88.85768127441406,88.85768127441406,52,0.0,0.0,0.0
2022-12-12 00:00:00-05:00,88.96190114933925,88.96190114933925,88.76602172851562,88.76602172851562,248,0.0,0.0,0.0
2022-12-13 00:00:00-05:00,89.43288219804323,89.43288219804323,89.17005157470703,89.17005157470703,6260,0.0,0.0,0.0
2022-12-14 00:00:00-05:00,89.09716828152366,89.27437591552734,89.09716828152366,89.27437591552734,102,0.0,0.0,0.0
2022-12-15 00:00:00-05:00,89.26745504740931,89.31571960449219,89.26745504740931,89.31571960449219,1204,0.0,0.0,0.0
2022-12-16 00:00:00-05:00,89.27922821044922,89.27922821044922,89.27922821044922,89.27922821044922,55,0.0,0.0,0.0
2022-12-19 00:00:00-05:00,89.02894487776143,89.02894487776143,88.97591400146484,88.97591400146484,491,0.0,0.0,0.0
2022-12-20 00:00:00-05:00,88.7321548461914,88.7321548461914,88.7321548461914,88.7321548461914,13,0.0,0.0,0.0
2022-12-21 00:00:00-05:00,88.87386322021484,88.87386322021484,88.87386322021484,88.87386322021484,171,0.364248,0.0,0.0
2022-12-22 00:00:00-05:00,88.85383605957031,88.85383605957031,88.85383605957031,88.85383605957031,2,0.0,0.0,0.0
2022-12-23 00:00:00-05:00,88.68364678808636,88.71636962890625,88.67289819208129,88.71636962890625,1308,0.0,0.0,0.0
2022-12-27 00:00:00-05:00,88.4282455444336,88.4282455444336,88.4282455444336,88.4282455444336,15,0.0,0.0,0.0
2022-12-28 00:00:00-05:00,88.34168472785765,88.35507202148438,88.34168472785765,88.35507202148438,168,0.0,0.0,0.0
2022-12-29 00:00:00-05:00,88.50904846191406,88.50904846191406,88.50904846191406,88.50904846191406,84,0.0,0.0,0.0
2022-12-30 00:00:00-05:00,88.3521499633789,88.3521499633789,88.3521499633789,88.3521499633789,33,0.0,0.0,0.0
2023-01-03 00:00:00-05:00,88.50778788618044,88.53494262695312,88.48726716113318,88.53494262695312,1715,0.0,0.0,0.0
2023-01-04 00:00:00-05:00,88.78935241699219,88.78935241699219,88.78935241699219,88.78935241699219,103,0.0,0.0,0.0
2023-01-05 00:00:00-05:00,88.66449737548828,88.66449737548828,88.66449737548828,88.66449737548828,11,0.0,0.0,0.0
2023-01-06 00:00:00-05:00,88.82921450886315,89.30628967285156,88.82921450886315,89.30628967285156,11299,0.0,0.0,0.0
2023-01-09 00:00:00-05:00,89.32651828579175,89.49358367919922,89.32651828579175,89.49358367919922,3790,0.0,0.0,0.0
2023-01-10 00:00:00-05:00,89.23955508383152,89.33726146155446,89.23955508383152,89.28459930419922,6504,0.0,0.0,0.0
2023-01-11 00:00:00-05:00,89.42518364393757,89.53334045410156,89.41443504846849,89.53334045410156,4053,0.0,0.0,0.0
2023-01-12 00:00:00-05:00,89.95208740234375,89.95208740234375,89.95208740234375,89.95208740234375,3,0.0,0.0,0.0
2023-01-13 00:00:00-05:00,89.79645176196935,89.79645176196935,89.71819274249559,89.7233657836914,3913,0.0,0.0,0.0
2023-01-17 00:00:00-05:00,89.79645843512073,89.79645843512073,89.7003173828125,89.7003173828125,1304,0.0,0.0,0.0
2023-01-18 00:00:00-05:00,90.11886321284257,90.28495958795963,90.11398087537896,90.2312240600586,7402,0.0,0.0,0.0
2023-01-19 00:00:00-05:00,90.12863125113944,90.15794018249156,90.12863125113944,90.15325164794922,203,0.0,0.0,0.0
2023-01-20 00:00:00-05:00,89.96254249866942,89.96254249866942,89.8550714475525,89.9185791015625,405,0.0,0.0,0.0
2023-01-23 00:00:00-05:00,89.81110749864453,89.87460769831439,89.81110749864453,89.84529876708984,1839,0.0,0.0,0.0
2023-01-24 00:00:00-05:00,89.91368559145737,89.94856262207031,89.91368559145737,89.94856262207031,203,0.0,0.0,0.0
2023-01-25 00:00:00-05:00,89.92346068992504,89.9820785522461,89.92346068992504,89.9820785522461,143,0.0,0.0,0.0
2023-01-26 00:00:00-05:00,89.982077007394,89.982077007394,89.8705062866211,89.8705062866211,353,0.0,0.0,0.0
2023-01-27 00:00:00-05:00,89.78697204589844,89.78697204589844,89.78697204589844,89.78697204589844,7,0.0,0.0,0.0
2023-01-30 00:00:00-05:00,89.66933509018737,89.66933509018737,89.65477752685547,89.65477752685547,150,0.0,0.0,0.0
2023-01-31 00:00:00-05:00,89.84774017333984,89.84774017333984,89.84774017333984,89.84774017333984,3,0.0,0.0,0.0
2023-02-01 00:00:00-05:00,89.89903317795618,90.24362182617188,89.89903317795618,90.24362182617188,2703,0.0,0.0,0.0
2023-02-02 00:00:00-05:00,90.27918243408203,90.27918243408203,90.27918243408203,90.27918243408203,79,0.0,0.0,0.0
2023-02-03 00:00:00-05:00,89.78668105834984,89.78668105834984,89.7475999986669,89.74935913085938,400,0.0,0.0,0.0
2023-02-06 00:00:00-05:00,89.3861068014592,89.3861068014592,89.30208587646484,89.30208587646484,103,0.0,0.0,0.0
2023-02-07 00:00:00-05:00,89.34702131402074,89.34702131402074,89.26202392578125,89.26202392578125,555,0.0,0.0,0.0
2023-02-08 00:00:00-05:00,89.37252044677734,89.37252044677734,89.37252044677734,89.37252044677734,1550,0.0,0.0,0.0
2023-02-09 00:00:00-05:00,89.3861105101785,89.3861105101785,89.17615509033203,89.17615509033203,403,0.0,0.0,0.0
2023-02-10 00:00:00-05:00,89.05392625915688,89.05392625915688,89.00019073486328,89.00019073486328,741,0.0,0.0,0.0
2023-02-13 00:00:00-05:00,89.04991885770487,89.04991885770487,89.00497899278068,89.02559661865234,1594,0.0,0.0,0.0
2023-02-14 00:00:00-05:00,88.7119825031656,88.7874984741211,88.7119825031656,88.7874984741211,103,0.0,0.0,0.0
2023-02-15 00:00:00-05:00,88.74617004394531,88.74617004394531,88.74617004394531,88.74617004394531,8,0.0,0.0,0.0
2023-02-16 00:00:00-05:00,88.74127960205078,88.74127960205078,88.74127960205078,88.74127960205078,401,0.0,0.0,0.0
2023-02-17 00:00:00-05:00,88.7292709350586,88.7292709350586,88.7292709350586,88.7292709350586,15,0.0,0.0,0.0
2023-02-21 00:00:00-05:00,88.41886901855469,88.41886901855469,88.41886901855469,88.41886901855469,401,0.0,0.0,0.0
2023-02-22 00:00:00-05:00,88.45785731952124,88.45785731952124,88.35048317098773,88.3519515991211,269,0.0,0.0,0.0
2023-02-23 00:00:00-05:00,88.44818020017232,88.50778198242188,88.44818020017232,88.50778198242188,202,0.0,0.0,0.0
2023-02-24 00:00:00-05:00,88.22347957409532,88.22347957409532,88.2127309777986,88.21858978271484,1348,0.0,0.0,0.0
2023-02-27 00:00:00-05:00,88.32118370275732,88.33095583214362,88.32118370275732,88.32772827148438,226,0.0,0.0,0.0
2023-02-28 00:00:00-05:00,88.25278007299748,88.35565948486328,88.25278007299748,88.35565948486328,203,0.0,0.0,0.0
2023-03-01 00:00:00-05:00,88.07692595927595,88.13554382324219,88.07692595927595,88.13554382324219,272,0.0,0.0,0.0
2023-03-02 00:00:00-05:00,87.94990482452803,88.01341247558594,87.94990482452803,88.01341247558594,202,0.0,0.0,0.0
2023-03-03 00:00:00-05:00,88.13553536927012,88.28071594238281,88.13553536927012,88.28071594238281,543,0.0,0.0,0.0
2023-03-06 00:00:00-05:00,88.32117462158203,88.32117462158203,88.32117462158203,88.32117462158203,428,0.0,0.0,0.0
2023-03-07 00:00:00-05:00,88.1648527552253,88.1648527552253,88.13554382324219,88.13554382324219,319,0.0,0.0,0.0
2023-03-08 00:00:00-05:00,88.16484739382335,88.17461952187351,87.94892883300781,87.94892883300781,359,0.0,0.0,0.0
2023-03-09 00:00:00-05:00,88.34687042236328,88.34687042236328,88.34687042236328,88.34687042236328,94,0.0,0.0,0.0
2023-03-10 00:00:00-05:00,89.02979278564453,89.02979278564453,89.02979278564453,89.02979278564453,66,0.0,0.0,0.0
2023-03-13 00:00:00-04:00,89.89404737399882,90.08954210277716,89.71271514892578,89.71271514892578,214,0.0,0.0,0.0
2023-03-14 00:00:00-04:00,89.44473417113376,89.44473417113376,89.30638885498047,89.30638885498047,119,0.0,0.0,0.0
2023-03-15 00:00:00-04:00,90.14817161551277,90.14817161551277,89.94984436035156,89.94984436035156,108,0.0,0.0,0.0
2023-03-16 00:00:00-04:00,89.52875518798828,89.52875518798828,89.52875518798828,89.52875518798828,61,0.0,0.0,0.0
2023-03-17 00:00:00-04:00,90.22105407714844,90.22105407714844,90.22105407714844,90.22105407714844,4,0.0,0.0,0.0
2023-03-20 00:00:00-04:00,89.96253204345703,89.96253204345703,89.96253204345703,89.96253204345703,78,0.0,0.0,0.0
2023-03-21 00:00:00-04:00,89.71828912916928,89.71828912916928,89.6552734375,89.6552734375,235,0.0,0.0,0.0
2023-03-22 00:00:00-04:00,90.34855651855469,90.34855651855469,90.34855651855469,90.34855651855469,208,0.0,0.0,0.0
2023-03-23 00:00:00-04:00,90.67555236816406,90.67555236816406,90.67555236816406,90.67555236816406,19,0.0,0.0,0.0
2023-03-24 00:00:00-04:00,90.7010498046875,90.7010498046875,90.7010498046875,90.7010498046875,38,0.0,0.0,0.0
2023-03-27 00:00:00-04:00,90.22643535011332,90.22643535011332,90.14485931396484,90.14485931396484,114,0.0,0.0,0.0
2023-03-28 00:00:00-04:00,90.04373931884766,90.04373931884766,90.04373931884766,90.04373931884766,10,0.0,0.0,0.0
2023-03-29 00:00:00-04:00,90.05721298491264,90.06506342654009,90.05721298491264,90.06231689453125,752,0.366845,0.0,0.0
2023-03-30 00:00:00-04:00,90.12156677246094,90.12156677246094,90.12156677246094,90.12156677246094,2,0.0,0.0,0.0
2023-03-31 00:00:00-04:00,90.18473103215987,90.425048828125,90.18473103215987,90.425048828125,106,0.0,0.0,0.0
2023-04-03 00:00:00-04:00,90.58689719221914,90.7067642211914,90.57973525510691,90.7067642211914,4949,0.0,0.0,0.0
2023-04-04 00:00:00-04:00,90.97042989981595,91.04302215576172,90.96944953017379,91.04302215576172,973,0.0,0.0,0.0
2023-04-05 00:00:00-04:00,91.2438168790091,91.2438168790091,91.16485595703125,91.16485595703125,1611,0.0,0.0,0.0
2023-04-06 00:00:00-04:00,91.14720153808594,91.14720153808594,91.14720153808594,91.14720153808594,100,0.0,0.0,0.0
2023-04-10 00:00:00-04:00,90.7257080078125,90.7257080078125,90.7257080078125,90.7257080078125,4,0.0,0.0,0.0
2023-04-11 00:00:00-04:00,90.74374696422126,90.74374696422126,90.70352935791016,90.70352935791016,168,0.0,0.0,0.0
2023-04-12 00:00:00-04:00,90.8419361779931,90.86155105501763,90.8223138172307,90.84870147705078,812,0.0,0.0,0.0
2023-04-13 00:00:00-04:00,90.84115600585938,90.84115600585938,90.84115600585938,90.84115600585938,7,0.0,0.0,0.0
2023-04-14 00:00:00-04:00,90.60161590576172,90.60161590576172,90.60161590576172,90.60161590576172,104,0.0,0.0,0.0
2023-04-17 00:00:00-04:00,90.37119459472085,90.37119459472085,90.35638427734375,90.35638427734375,226,0.0,0.0,0.0
2023-04-18 00:00:00-04:00,90.4005355834961,90.4005355834961,90.4005355834961,90.4005355834961,906,0.0,0.0,0.0
2023-04-19 00:00:00-04:00,90.25447845458984,90.25447845458984,90.25447845458984,90.25447845458984,3,0.0,0.0,0.0
2023-04-20 00:00:00-04:00,90.5233383178711,90.5233383178711,90.5233383178711,90.5233383178711,2,0.0,0.0,0.0
2023-04-21 00:00:00-04:00,90.44957451185824,90.50352478027344,90.44957451185824,90.50352478027344,1090,0.0,0.0,0.0
2023-04-24 00:00:00-04:00,90.56218679138736,90.63938903808594,90.56218679138736,90.63938903808594,1011,0.0,0.0,0.0
2023-04-25 00:00:00-04:00,90.93512315573696,91.15533214204162,90.93512315573696,91.13247680664062,1510,0.0,0.0,0.0
2023-04-26 00:00:00-04:00,90.99398040771484,90.99398040771484,90.99398040771484,90.99398040771484,58,0.0,0.0,0.0
2023-04-27 00:00:00-04:00,90.68008422851562,90.68008422851562,90.68008422851562,90.68008422851562,2,0.0,0.0,0.0
2023-04-28 00:00:00-04:00,90.91285705566406,90.91285705566406,90.91285705566406,90.91285705566406,41,0.0,0.0,0.0
2023-05-01 00:00:00-04:00,90.75365311920825,90.77327548053222,90.56728558905927,90.57209014892578,4388,0.0,0.0,0.0
2023-05-02 00:00:00-04:00,90.99888238638022,91.0106543067034,90.99005905894155,91.0033950805664,856,0.0,0.0,0.0
2023-05-03 00:00:00-04:00,91.32621002197266,91.32621002197266,91.32621002197266,91.32621002197266,4,0.0,0.0,0.0
2023-05-04 00:00:00-04:00,91.48443041031702,91.60704397249069,91.38143920898438,91.38143920898438,119712,0.0,0.0,0.0
2023-05-05 00:00:00-04:00,91.0910873413086,91.0910873413086,91.0910873413086,91.0910873413086,136,0.0,0.0,0.0
2023-05-08 00:00:00-04:00,90.87626541060267,90.9302156778802,90.79288908548978,90.8166275024414,5138,0.0,0.0,0.0
2023-05-09 00:00:00-04:00,90.78308564456785,90.82722473144531,90.78308564456785,90.82722473144531,907,0.0,0.0,0.0
2023-05-10 00:00:00-04:00,91.08314457894465,91.16151428222656,91.08314457894465,91.16151428222656,261,0.0,0.0,0.0
2023-05-11 00:00:00-04:00,91.34220152924178,91.3715302980305,91.33239034886871,91.36181640625,1659,0.0,0.0,0.0
2023-05-12 00:00:00-04:00,91.25392111027956,91.25392111027956,91.02223205566406,91.02223205566406,1048,0.0,0.0,0.0
2023-05-15 00:00:00-04:00,90.9532699584961,90.9532699584961,90.9532699584961,90.9532699584961,2,0.0,0.0,0.0
2023-05-16 00:00:00-04:00,90.79603576660156,90.79603576660156,90.79603576660156,90.79603576660156,25,0.0,0.0,0.0
2023-05-17 00:00:00-04:00,90.60741424560547,90.60741424560547,90.60741424560547,90.60741424560547,3,0.0,0.0,0.0
2023-05-18 00:00:00-04:00,90.4103381029612,90.4103381029612,90.3416748046875,90.3416748046875,1603,0.0,0.0,0.0
2023-05-19 00:00:00-04:00,90.21347045898438,90.21347045898438,90.21347045898438,90.21347045898438,5,0.0,0.0,0.0
2023-05-22 00:00:00-04:00,90.19051683131592,90.19051683131592,90.15853881835938,90.15853881835938,197,0.0,0.0,0.0
2023-05-23 00:00:00-04:00,90.26123741593206,90.26123741593206,90.22161102294922,90.22161102294922,407,0.0,0.0,0.0
2023-05-24 00:00:00-04:00,90.07878875732422,90.07878875732422,90.07878875732422,90.07878875732422,73,0.0,0.0,0.0
2023-05-25 00:00:00-04:00,89.73468780517578,89.73468780517578,89.73468780517578,89.73468780517578,19,0.0,0.0,0.0
2023-05-26 00:00:00-04:00,89.63149854559916,89.74469757080078,89.63149854559916,89.74469757080078,341,0.0,0.0,0.0
2023-05-30 00:00:00-04:00,89.91497836757567,90.14509582519531,89.91497836757567,90.14509582519531,3606,0.0,0.0,0.0
2023-05-31 00:00:00-04:00,90.34226989746094,90.34226989746094,90.34226989746094,90.34226989746094,279,0.0,0.0,0.0
2023-06-01 00:00:00-04:00,90.49067864352713,90.49067864352713,90.43947490507021,90.48136138916016,1037,0.0,0.0,0.0
2023-06-02 00:00:00-04:00,90.1158676147461,90.1158676147461,90.1158676147461,90.1158676147461,4,0.0,0.0,0.0
2023-06-05 00:00:00-04:00,90.1528549194336,90.1528549194336,90.1528549194336,90.1528549194336,4,0.0,0.0,0.0
2023-06-06 00:00:00-04:00,90.10321807861328,90.10321807861328,90.10321807861328,90.10321807861328,5,0.0,0.0,0.0
2023-06-07 00:00:00-04:00,89.82630920410156,89.82630920410156,89.82630920410156,89.82630920410156,52,0.0,0.0,0.0
2023-06-08 00:00:00-04:00,90.11312103271484,90.11312103271484,90.11312103271484,90.11312103271484,2,0.0,0.0,0.0
2023-06-09 00:00:00-04:00,89.90026458175174,89.90026458175174,89.89104461669922,89.89104461669922,160,0.0,0.0,0.0
2023-06-12 00:00:00-04:00,89.87083827387117,89.97962188720703,89.8610270935545,89.97962188720703,109286,0.0,0.0,0.0
2023-06-13 00:00:00-04:00,89.89056115157943,89.89056115157943,89.63052368164062,89.63052368164062,3203,0.0,0.0,0.0
2023-06-14 00:00:00-04:00,89.71389770507812,89.71389770507812,89.71389770507812,89.71389770507812,179,0.0,0.0,0.0
2023-06-15 00:00:00-04:00,90.07192993164062,90.07192993164062,90.07192993164062,90.07192993164062,47,0.0,0.0,0.0
2023-06-16 00:00:00-04:00,89.86592864990234,89.86592864990234,89.86592864990234,89.86592864990234,49,0.0,0.0,0.0
2023-06-20 00:00:00-04:00,90.02444458007812,90.02444458007812,90.02444458007812,90.02444458007812,7,0.0,0.0,0.0
2023-06-21 00:00:00-04:00,89.89045180671258,90.01287078857422,89.89045180671258,90.01287078857422,3501,0.0,0.0,0.0
2023-06-22 00:00:00-04:00,89.80120041091378,89.80120041091378,89.77961730957031,89.77961730957031,198,0.0,0.0,0.0
2023-06-23 00:00:00-04:00,89.861027539939,89.90516662597656,89.861027539939,89.90516662597656,110039,0.0,0.0,0.0
2023-06-26 00:00:00-04:00,90.01258850097656,90.01258850097656,90.01258850097656,90.01258850097656,862,0.0,0.0,0.0
2023-06-27 00:00:00-04:00,89.8167953491211,89.8167953491211,89.8167953491211,89.8167953491211,6,0.0,0.0,0.0
2023-06-28 00:00:00-04:00,90.01897430419922,90.01897430419922,90.01897430419922,90.01897430419922,8,0.16874,0.0,0.0
2023-06-29 00:00:00-04:00,89.58441925048828,89.58441925048828,89.58441925048828,89.58441925048828,30,0.0,0.0,0.0
2023-06-30 00:00:00-04:00,89.6946792602539,89.6946792602539,89.6946792602539,89.6946792602539,78,0.0,0.0,0.0
2023-07-03 00:00:00-04:00,89.54540252685547,89.54540252685547,89.54540252685547,89.54540252685547,114,0.0,0.0,0.0
2023-07-05 00:00:00-04:00,89.34423828125,89.34423828125,89.34423828125,89.34423828125,14,0.0,0.0,0.0
2023-07-06 00:00:00-04:00,89.00460939283445,89.0059814453125,89.00460939283445,89.0059814453125,365,0.0,0.0,0.0
2023-07-07 00:00:00-04:00,89.039306640625,89.039306640625,89.039306640625,89.039306640625,5,0.0,0.0,0.0
2023-07-10 00:00:00-04:00,89.31573486328125,89.31573486328125,89.31573486328125,89.31573486328125,7,0.0,0.0,0.0
2023-07-11 00:00:00-04:00,89.41755388899676,89.41755388899676,89.37756192905402,89.37834167480469,2623,0.0,0.0,0.0
2023-07-12 00:00:00-04:00,89.74194353074392,89.93848442973047,89.74194353074392,89.86517333984375,9504,0.0,0.0,0.0
2023-07-13 00:00:00-04:00,90.31290761444073,90.3217547292647,90.29226684570312,90.29226684570312,6518,0.0,0.0,0.0
2023-07-14 00:00:00-04:00,90.12520495219364,90.14475857516739,90.12520495219364,90.13208770751953,57723,0.0,0.0,0.0
2023-07-17 00:00:00-04:00,89.99745809738201,90.07027435302734,89.99745809738201,90.07027435302734,24002,0.0,0.0,0.0
2023-07-18 00:00:00-04:00,90.2823449576805,90.2823449576805,90.11075592041016,90.11075592041016,1602,0.0,0.0,0.0
2023-07-19 00:00:00-04:00,90.24314159344276,90.24903467202863,90.24314159344276,90.2470703125,241,0.0,0.0,0.0
2023-07-20 00:00:00-04:00,89.83530945041409,89.93279266357422,89.83530945041409,89.93279266357422,5118,0.0,0.0,0.0
2023-07-21 00:00:00-04:00,89.98271584205251,89.98271584205251,89.97209930419922,89.97209930419922,187,0.0,0.0,0.0
2023-07-24 00:00:00-04:00,90.0724401827111,90.0724401827111,89.83766174316406,89.83766174316406,703,0.0,0.0,0.0
2023-07-25 00:00:00-04:00,89.75168246489204,89.76622772216797,89.75168246489204,89.76622772216797,282,0.0,0.0,0.0
2023-07-26 00:00:00-04:00,89.74194147147855,89.88935089111328,89.74194147147855,89.88935089111328,370,0.0,0.0,0.0
2023-07-27 00:00:00-04:00,89.68298798914007,89.71246837595132,89.48545740141655,89.52054595947266,35551,0.0,0.0,0.0
2023-07-28 00:00:00-04:00,89.67296375563582,89.72229766845703,89.66824779345276,89.72229766845703,2170,0.0,0.0,0.0
2023-07-31 00:00:00-04:00,89.81437199898268,89.86969645642401,89.73211632442127,89.76897430419922,6198,0.0,0.0,0.0
2023-08-01 00:00:00-04:00,89.5434341430664,89.5434341430664,89.5434341430664,89.5434341430664,7,0.0,0.0,0.0
2023-08-02 00:00:00-04:00,89.47946166992188,89.47946166992188,89.47946166992188,89.47946166992188,48,0.0,0.0,0.0
2023-08-03 00:00:00-04:00,89.27122795967678,89.27122795967678,89.06386808134255,89.23712158203125,19669,0.0,0.0,0.0
2023-08-04 00:00:00-04:00,89.4864418761029,89.74716186523438,89.4864418761029,89.74716186523438,1528,0.0,0.0,0.0
2023-08-07 00:00:00-04:00,89.68790043531452,89.71246992393287,89.6785659790039,89.6785659790039,2623,0.0,0.0,0.0
2023-08-08 00:00:00-04:00,89.86871149288213,89.86871149288213,89.8477783203125,89.8477783203125,240,0.0,0.0,0.0
2023-08-09 00:00:00-04:00,89.82154796084545,89.83540344238281,89.82154796084545,89.83540344238281,612,0.0,0.0,0.0
2023-08-10 00:00:00-04:00,89.85977543624854,89.87942652719875,89.55974578857422,89.55974578857422,1146,0.0,0.0,0.0
2023-08-11 00:00:00-04:00,89.35868506447277,89.35868506447277,89.29254913330078,89.29254913330078,283,0.0,0.0,0.0
2023-08-14 00:00:00-04:00,89.18650817871094,89.18650817871094,89.18650817871094,89.18650817871094,2,0.0,0.0,0.0
2023-08-15 00:00:00-04:00,89.13265991210938,89.13265991210938,89.13265991210938,89.13265991210938,2,0.0,0.0,0.0
2023-08-16 00:00:00-04:00,89.23093763081272,89.23093763081272,88.9812240600586,88.9812240600586,102,0.0,0.0,0.0
2023-08-17 00:00:00-04:00,88.96461233002445,88.99006652832031,88.96461233002445,88.99006652832031,468,0.0,0.0,0.0
2023-08-18 00:00:00-04:00,89.10248565673828,89.10248565673828,89.10248565673828,89.10248565673828,3,0.0,0.0,0.0
2023-08-21 00:00:00-04:00,88.87706287666201,88.87706287666201,88.83785066235906,88.84512329101562,663,0.0,0.0,0.0
2023-08-22 00:00:00-04:00,88.83165740966797,88.83165740966797,88.83165740966797,88.83165740966797,3,0.0,0.0,0.0
2023-08-23 00:00:00-04:00,89.27996826171875,89.27996826171875,89.27996826171875,89.27996826171875,2,0.0,0.0,0.0
2023-08-24 00:00:00-04:00,89.16617584228516,89.16617584228516,89.16617584228516,89.16617584228516,3,0.0,0.0,0.0
2023-08-25 00:00:00-04:00,89.08489990234375,89.08489990234375,89.08489990234375,89.08489990234375,10,0.0,0.0,0.0
2023-08-28 00:00:00-04:00,89.1758032593095,89.22651672363281,89.1758032593095,89.22651672363281,286,0.0,0.0,0.0
2023-08-29 00:00:00-04:00,89.43730460494012,89.59453582763672,89.43730460494012,89.59453582763672,2141,0.0,0.0,0.0
2023-08-30 00:00:00-04:00,89.57183837890625,89.57183837890625,89.57183837890625,89.57183837890625,3,0.0,0.0,0.0
2023-08-31 00:00:00-04:00,89.71246576518489,89.71954345703125,89.71246576518489,89.71954345703125,752,0.0,0.0,0.0
2023-09-01 00:00:00-04:00,89.51277923583984,89.51277923583984,89.51277923583984,89.51277923583984,2,0.0,0.0,0.0
2023-09-05 00:00:00-04:00,89.3346099257443,89.3346099257443,89.26041412353516,89.26041412353516,754,0.0,0.0,0.0
2023-09-06 00:00:00-04:00,89.27023882089169,89.27023882089169,89.08529663085938,89.08529663085938,518,0.0,0.0,0.0
2023-09-07 00:00:00-04:00,89.29854583740234,89.29854583740234,89.29854583740234,89.29854583740234,6,0.0,0.0,0.0
2023-09-08 00:00:00-04:00,89.30954467422703,89.32025867991193,89.28006428909546,89.2933349609375,404,0.0,0.0,0.0
2023-09-11 00:00:00-04:00,89.25550079345703,89.25550079345703,89.25550079345703,89.25550079345703,13,0.0,0.0,0.0
2023-09-12 00:00:00-04:00,89.23093880256852,89.25550079345703,89.23093880256852,89.25550079345703,471,0.0,0.0,0.0
2023-09-13 00:00:00-04:00,89.33421325683594,89.33421325683594,89.33421325683594,89.33421325683594,158,0.0,0.0,0.0
2023-09-14 00:00:00-04:00,89.27848815917969,89.27848815917969,89.27848815917969,89.27848815917969,2,0.0,0.0,0.0
2023-09-15 00:00:00-04:00,89.17943572998047,89.17943572998047,89.17943572998047,89.17943572998047,6,0.0,0.0,0.0
2023-09-18 00:00:00-04:00,89.18180084228516,89.18180084228516,89.18180084228516,89.18180084228516,15,0.0,0.0,0.0
2023-09-19 00:00:00-04:00,89.01158905029297,89.01158905029297,89.01158905029297,89.01158905029297,2,0.0,0.0,0.0
2023-09-20 00:00:00-04:00,88.99508022736323,88.99508022736323,88.94221496582031,88.94221496582031,240,0.0,0.0,0.0
2023-09-21 00:00:00-04:00,88.73750533680841,88.7787793762452,88.73750533680841,88.751953125,1054,0.0,0.0,0.0
2023-09-22 00:00:00-04:00,88.8869789365243,88.91999816894531,88.8771571394145,88.91999816894531,452,0.0,0.0,0.0
2023-09-25 00:00:00-04:00,88.69112396240234,88.69112396240234,88.69112396240234,88.69112396240234,11,0.0,0.0,0.0
2023-09-26 00:00:00-04:00,88.7001769023739,88.7001769023739,88.67049407958984,88.67049407958984,113,0.0,0.0,0.0
2023-09-27 00:00:00-04:00,88.46028900146484,88.46028900146484,88.46028900146484,88.46028900146484,1,0.932416,0.0,0.0
2023-09-28 00:00:00-04:00,88.41997093231191,88.66543579101562,88.41997093231191,88.66543579101562,2347,0.0,0.0,0.0
2023-09-29 00:00:00-04:00,88.74269583997848,88.74269583997848,88.6678237915039,88.6678237915039,289,0.0,0.0,0.0
2023-10-02 00:00:00-04:00,88.3340835571289,88.3340835571289,88.3340835571289,88.3340835571289,20,0.0,0.0,0.0
2023-10-03 00:00:00-04:00,88.05257415771484,88.05257415771484,88.05257415771484,88.05257415771484,3,0.0,0.0,0.0
2023-10-04 00:00:00-04:00,88.34550476074219,88.34550476074219,88.34550476074219,88.34550476074219,2,0.0,0.0,0.0
2023-10-05 00:00:00-04:00,88.4448013305664,88.4448013305664,88.4448013305664,88.4448013305664,128,0.0,0.0,0.0
2023-10-06 00:00:00-04:00,88.28264130477224,88.28264130477224,88.26576232910156,88.26576232910156,156,0.0,0.0,0.0
2023-10-09 00:00:00-04:00,88.8006820678711,88.8006820678711,88.8006820678711,88.8006820678711,3,0.0,0.0,0.0
2023-10-10 00:00:00-04:00,88.72779846191406,88.72779846191406,88.72779846191406,88.72779846191406,4,0.0,0.0,0.0
2023-10-11 00:00:00-04:00,88.82024383544922,88.82024383544922,88.82024383544922,88.82024383544922,78,0.0,0.0,0.0
2023-10-12 00:00:00-04:00,88.52433776855469,88.52433776855469,88.52433776855469,88.52433776855469,16,0.0,0.0,0.0
2023-10-13 00:00:00-04:00,88.72283172607422,88.72283172607422,88.72283172607422,88.72283172607422,64,0.0,0.0,0.0
2023-10-16 00:00:00-04:00,88.43486939000128,88.51927185058594,88.43486939000128,88.51927185058594,343,0.0,0.0,0.0
2023-10-17 00:00:00-04:00,88.06746673583984,88.06746673583984,88.06746673583984,88.06746673583984,144,0.0,0.0,0.0
2023-10-18 00:00:00-04:00,87.87294006347656,87.87294006347656,87.87294006347656,87.87294006347656,3,0.0,0.0,0.0
2023-10-19 00:00:00-04:00,87.80978393554688,87.80978393554688,87.80978393554688,87.80978393554688,100,0.0,0.0,0.0
2023-10-20 00:00:00-04:00,88.07738932890553,88.07738932890553,87.98802469797782,88.071533203125,328,0.0,0.0,0.0
2023-10-23 00:00:00-04:00,88.25752258300781,88.25752258300781,88.25752258300781,88.25752258300781,17,0.0,0.0,0.0
2023-10-24 00:00:00-04:00,88.31272888183594,88.31272888183594,88.31272888183594,88.31272888183594,80,0.0,0.0,0.0
2023-10-25 00:00:00-04:00,88.01285552978516,88.01285552978516,88.01285552978516,88.01285552978516,6,0.0,0.0,0.0
2023-10-26 00:00:00-04:00,88.34052776145529,88.34986877441406,88.34052776145529,88.34986877441406,256,0.0,0.0,0.0
2023-10-27 00:00:00-04:00,88.4446029663086,88.4446029663086,88.4446029663086,88.4446029663086,2,0.0,0.0,0.0
2023-10-30 00:00:00-04:00,88.29137682794229,88.30577850341797,88.29137682794229,88.30577850341797,293,0.0,0.0,0.0
2023-10-31 00:00:00-04:00,88.27599104071913,88.34440846961054,88.27350616455078,88.27350616455078,959,0.0,0.0,0.0
2023-11-01 00:00:00-04:00,88.58332005904398,88.74189758300781,88.56127435893244,88.74189758300781,1096,0.0,0.0,0.0
2023-11-02 00:00:00-04:00,88.95568762985576,88.97107416484515,88.8916338862145,88.94585418701172,1369,0.0,0.0,0.0
2023-11-03 00:00:00-04:00,89.39805755763885,89.47749783748242,89.38316345214844,89.38316345214844,3165,0.0,0.0,0.0
2023-11-06 00:00:00-05:00,89.13987839781792,89.3747219204731,89.13987839781792,89.14434814453125,9707,0.0,0.0,0.0
2023-11-07 00:00:00-05:00,89.30620574951172,89.30620574951172,89.30620574951172,89.30620574951172,709,0.0,0.0,0.0
2023-11-08 00:00:00-05:00,89.42040252685547,89.42040252685547,89.42040252685547,89.42040252685547,362,0.0,0.0,0.0
2023-11-09 00:00:00-05:00,89.02568817138672,89.02568817138672,89.02568817138672,89.02568817138672,3,0.0,0.0,0.0
2023-11-10 00:00:00-05:00,89.08526611328125,89.08526611328125,89.08526611328125,89.08526611328125,4,0.0,0.0,0.0
2023-11-13 00:00:00-05:00,89.0902328491211,89.0902328491211,89.0902328491211,89.0902328491211,3,0.0,0.0,0.0
2023-11-14 00:00:00-05:00,89.73249094705119,89.84479522705078,89.73249094705119,89.84479522705078,1604,0.0,0.0,0.0
2023-11-15 00:00:00-05:00,89.51721954345703,89.51721954345703,89.51721954345703,89.51721954345703,10,0.0,0.0,0.0
2023-11-16 00:00:00-05:00,89.81510902149313,89.83666229248047,89.81510902149313,89.83666229248047,966,0.0,0.0,0.0
2023-11-17 00:00:00-05:00,89.85482788085938,89.85482788085938,89.85482788085938,89.85482788085938,6,0.0,0.0,0.0
2023-11-20 00:00:00-05:00,89.81213349376081,89.93427122372141,89.7368675002638,89.9243392944336,1147,0.0,0.0,0.0
2023-11-21 00:00:00-05:00,90.03356197445738,90.03356197445738,89.98719024658203,89.98719024658203,6985,0.0,0.0,0.0
2023-11-22 00:00:00-05:00,89.98391950476669,90.01122283935547,89.98391950476669,90.01122283935547,712,0.0,0.0,0.0
2023-11-24 00:00:00-05:00,89.76546669665447,89.83805084228516,89.76546669665447,89.83805084228516,805,0.0,0.0,0.0
2023-11-27 00:00:00-05:00,89.96117761344364,90.12789916992188,89.96117761344364,90.12789916992188,4004,0.0,0.0,0.0
2023-11-28 00:00:00-05:00,90.09304293109372,90.39451599121094,90.09304293109372,90.39451599121094,208,0.0,0.0,0.0
2023-11-29 00:00:00-05:00,90.60949704735896,90.70879361114653,90.54992062425485,90.69152069091797,1804,0.0,0.0,0.0
2023-11-30 00:00:00-05:00,90.5399856473591,90.5399856473591,90.37118073701834,90.44068908691406,1812,0.0,0.0,0.0
2023-12-01 00:00:00-05:00,90.96141052246094,90.96141052246094,90.96141052246094,90.96141052246094,10,0.0,0.0,0.0
2023-12-04 00:00:00-05:00,90.76886749267578,90.76886749267578,90.76886749267578,90.76886749267578,34,0.0,0.0,0.0
2023-12-05 00:00:00-05:00,91.01413604002794,91.01612091064453,91.01413604002794,91.01612091064453,416,0.0,0.0,0.0
2023-12-06 00:00:00-05:00,91.06656504991801,91.1322021484375,91.05633766268332,91.1322021484375,1280,0.0,0.0,0.0
2023-12-07 00:00:00-05:00,91.28303153920838,91.28303153920838,91.12584039502973,91.14759063720703,1269,0.0,0.0,0.0
2023-12-08 00:00:00-05:00,90.81305694580078,90.81305694580078,90.81305694580078,90.81305694580078,8,0.0,0.0,0.0
2023-12-11 00:00:00-05:00,90.63064943219553,90.84781095053405,90.63064943219553,90.7984619140625,1678,0.0,0.0,0.0
2023-12-12 00:00:00-05:00,90.85784307677552,90.92606353759766,90.85784307677552,90.92606353759766,558,0.0,0.0,0.0
2023-12-13 00:00:00-05:00,91.08613026983745,91.7048568725586,91.08613026983745,91.7048568725586,4966,0.0,0.0,0.0
2023-12-14 00:00:00-05:00,92.04504820635856,92.1883301057006,92.0096008417405,92.07910919189453,1066,0.0,0.0,0.0
2023-12-15 00:00:00-05:00,92.00473022460938,92.00473022460938,92.00473022460938,92.00473022460938,12,0.0,0.0,0.0
2023-12-18 00:00:00-05:00,91.96878062118613,91.96878062118613,91.87057498330839,91.92022705078125,1133,0.0,0.0,0.0
2023-12-19 00:00:00-05:00,91.93016288746516,91.98338317871094,91.93016288746516,91.98338317871094,589,0.0,0.0,0.0
2023-12-20 00:00:00-05:00,92.13868705845277,92.220703125,92.13868705845277,92.220703125,638,0.0,0.0,0.0
2023-12-21 00:00:00-05:00,92.28485393302314,92.29755862002472,92.1784057773528,92.20323181152344,678,0.0,0.0,0.0
2023-12-22 00:00:00-05:00,92.19816745036829,92.25715295851023,92.16162916295902,92.21673583984375,1693,0.0,0.0,0.0
2023-12-26 00:00:00-05:00,92.21424865722656,92.21424865722656,92.21424865722656,92.21424865722656,134,0.0,0.0,0.0
2023-12-27 00:00:00-05:00,92.56999969482422,92.56999969482422,92.56999969482422,92.56999969482422,233,0.651849,0.0,0.0
2023-12-28 00:00:00-05:00,92.47949981689453,92.47949981689453,92.45999908447266,92.45999908447266,214,0.0,0.0,0.0
2023-12-29 00:00:00-05:00,92.51000213623047,92.51000213623047,92.42320251464844,92.42320251464844,221,0.0,0.0,0.0
2024-01-02 00:00:00-05:00,92.23999786376953,92.23999786376953,92.23999786376953,92.23999786376953,348,0.0,0.0,0.0
2024-01-03 00:00:00-05:00,92.20999908447266,92.20999908447266,92.20999908447266,92.20999908447266,4,0.0,0.0,0.0
2024-01-04 00:00:00-05:00,91.94499969482422,91.94499969482422,91.94499969482422,91.94499969482422,2,0.0,0.0,0.0
2024-01-05 00:00:00-05:00,91.86589813232422,91.86589813232422,91.83499908447266,91.83499908447266,156,0.0,0.0,0.0
2024-01-08 00:00:00-05:00,91.99909973144531,91.99909973144531,91.99909973144531,91.99909973144531,87,0.0,0.0,0.0
